date,open,high,low,close,volume,symbol,expiry,EMA_9,EMA_21,RSI_MA_14_20,ORB_High,ADX_14,Signal,EntryPrice,ExitPrice,StopLoss,Target,ExitSignals
2025-10-13T09:15:00.000000,346.05,350.5,346.05,350.5,78463,ETERNAL,NaN,NaN,NaN,NaN,351.3,NaN,,,,,,
2025-10-13T09:20:00.000000,350.2,351.3,349.8,350.1,44814,ETERNAL,NaN,NaN,NaN,NaN,351.3,NaN,,,,,,
2025-10-13T09:25:00.000000,350.1,350.15,349.3,349.8,16847,ETERNAL,NaN,NaN,NaN,NaN,351.3,NaN,,,,,,
2025-10-13T09:30:00.000000,349.8,349.8,348.55,348.85,20973,ETERNAL,NaN,NaN,NaN,NaN,351.3,NaN,,,,,,
2025-10-13T09:35:00.000000,348.85,348.9,348.25,348.8,12476,ETERNAL,NaN,NaN,NaN,NaN,351.3,NaN,,,,,,
2025-10-13T09:40:00.000000,348.8,348.8,347.5,348.05,28794,ETERNAL,NaN,NaN,NaN,NaN,351.3,NaN,,,,,,
2025-10-13T09:45:00.000000,348.05,348.05,347.0,347.1,12136,ETERNAL,NaN,NaN,NaN,NaN,351.3,NaN,,,,,,
2025-10-13T09:50:00.000000,347.15,347.3,346.4,346.6,14472,ETERNAL,NaN,NaN,NaN,NaN,351.3,NaN,,,,,,
2025-10-13T09:55:00.000000,346.6,346.9,346.4,346.7,5933,ETERNAL,NaN,348.49999999999994,NaN,NaN,351.3,NaN,,,,,,
2025-10-13T10:00:00.000000,346.7,347.25,346.55,346.7,26070,ETERNAL,NaN,348.13999999999993,NaN,NaN,351.3,NaN,,,,,,
2025-10-13T10:05:00.000000,346.9,347.05,346.55,346.85,8307,ETERNAL,NaN,347.88199999999995,NaN,NaN,351.3,NaN,,,,,,
2025-10-13T10:10:00.000000,346.6,346.85,346.5,346.5,6053,ETERNAL,NaN,347.6056,NaN,NaN,351.3,NaN,,,,,,
2025-10-13T10:15:00.000000,346.5,346.6,345.95,346.0,8109,ETERNAL,NaN,347.28448,NaN,NaN,351.3,NaN,,,,,,
2025-10-13T10:20:00.000000,346.0,346.1,345.75,345.8,17257,ETERNAL,NaN,346.98758399999997,NaN,NaN,351.3,NaN,,,,,,
2025-10-13T10:25:00.000000,345.8,346.7,345.75,346.6,7726,ETERNAL,NaN,346.91006719999996,NaN,NaN,351.3,NaN,,,,,,
2025-10-13T10:30:00.000000,346.6,346.75,346.05,346.15,31801,ETERNAL,NaN,346.75805375999994,NaN,NaN,351.3,NaN,,,,,,
2025-10-13T10:35:00.000000,346.15,346.15,345.4,345.65,4771,ETERNAL,NaN,346.53644300799994,NaN,NaN,351.3,NaN,,,,,,
2025-10-13T10:40:00.000000,345.5,345.75,345.5,345.75,2785,ETERNAL,NaN,346.37915440639995,NaN,NaN,351.3,NaN,,,,,,
2025-10-13T10:45:00.000000,345.75,346.2,345.25,345.95,5964,ETERNAL,NaN,346.29332352511994,NaN,NaN,351.3,NaN,,,,,,
2025-10-13T10:50:00.000000,345.95,346.15,345.6,346.1,5658,ETERNAL,NaN,346.254658820096,NaN,NaN,351.3,NaN,,,,,,
2025-10-13T10:55:00.000000,346.1,346.2,345.5,346.2,5875,ETERNAL,NaN,346.2437270560768,347.1785714285714,NaN,351.3,NaN,,,,,,
2025-10-13T11:00:00.000000,346.2,346.4,345.65,346.0,3591,ETERNAL,NaN,346.19498164486146,347.07142857142856,NaN,351.3,NaN,,,,,,
2025-10-13T11:05:00.000000,346.0,346.4,345.9,346.4,2398,ETERNAL,NaN,346.23598531588914,347.0103896103896,NaN,351.3,NaN,,,,,,
2025-10-13T11:10:00.000000,346.4,346.45,346.1,346.4,3989,ETERNAL,NaN,346.2687882527113,346.9548996458087,NaN,351.3,NaN,,,,,,
2025-10-13T11:15:00.000000,346.4,346.5,346.05,346.4,13280,ETERNAL,NaN,346.29503060216905,346.9044542234625,NaN,351.3,NaN,,,,,,
2025-10-13T11:20:00.000000,346.4,346.45,346.1,346.15,4532,ETERNAL,NaN,346.26602448173526,346.835867475875,NaN,351.3,NaN,,,,,,
2025-10-13T11:25:00.000000,346.15,347.75,346.0,347.75,12748,ETERNAL,NaN,346.5628195853882,346.9189704326136,NaN,351.3,NaN,,,,,,
2025-10-13T11:30:00.000000,347.75,347.75,347.15,347.4,1816,ETERNAL,NaN,346.7302556683105,346.9627003932851,NaN,351.3,30.836139390555235,,,,,,
2025-10-13T11:35:00.000000,347.4,347.4,346.65,346.85,9957,ETERNAL,NaN,346.7542045346484,346.95245490298646,NaN,351.3,28.808303373633127,,,,,,
2025-10-13T11:40:00.000000,346.85,347.35,346.7,347.15,6091,ETERNAL,NaN,346.8333636277187,346.9704135481695,NaN,351.3,26.92531278649117,,,,,,
2025-10-13T11:45:00.000000,347.15,347.45,347.05,347.2,3751,ETERNAL,NaN,346.90669090217494,346.99128504379047,NaN,351.3,25.019368087252577,,,,,,
2025-10-13T11:50:00.000000,347.2,347.45,347.2,347.25,1446,ETERNAL,NaN,346.97535272173997,347.0148045852641,NaN,351.3,23.249562295102457,,,,,,
2025-10-13T11:55:00.000000,347.25,347.45,347.05,347.1,2122,ETERNAL,NaN,347.00028217739197,347.02254962296735,NaN,351.3,21.88420357320836,,,,,,
2025-10-13T12:00:00.000000,347.1,347.3,347.05,347.05,1092,ETERNAL,NaN,347.0102257419136,347.0250451117885,30.897345300370624,351.3,20.6163704743067,,,,,,
2025-10-13T12:05:00.000000,347.05,347.25,346.9,347.2,2554,ETERNAL,NaN,347.04818059353084,347.04095010162587,32.25029937177257,351.3,19.76911721245571,,,,,,
2025-10-13T12:10:00.000000,347.2,348.0,347.0,347.6,5969,ETERNAL,NaN,347.1585444748247,347.09177281965987,33.96039944904238,351.3,19.332277478501545,,,,,,
2025-10-13T12:15:00.000000,347.6,347.6,346.6,346.7,9870,ETERNAL,NaN,347.06683557985974,347.0561571087817,34.62862239108225,351.3,18.06758571397859,,,,,,
2025-10-13T12:20:00.000000,346.7,347.0,346.25,346.5,6536,ETERNAL,NaN,346.9534684638878,347.00559737161973,35.0687501507797,351.3,17.319059884123714,,,,,,
2025-10-13T12:25:00.000000,346.5,346.75,346.25,346.55,2065,ETERNAL,NaN,346.87277477111024,346.9641794287452,35.531866421933856,351.3,16.624000184972754,,,,,,
2025-10-13T12:30:00.000000,346.55,346.7,346.4,346.6,1452,ETERNAL,NaN,346.8182198168882,346.9310722079502,36.01916540541903,351.3,15.978587607189722,,,,,,
2025-10-13T12:35:00.000000,346.6,347.05,346.55,346.95,2874,ETERNAL,NaN,346.84457585351055,346.93279291631836,36.9267114279938,351.3,15.077011902439095,,,,,,
2025-10-13T12:40:00.000000,346.95,347.2,346.5,347.2,1726,ETERNAL,NaN,346.91566068280844,346.95708446938033,38.057490250658056,351.3,14.549410274908494,,,,,,
2025-10-13T12:45:00.000000,347.3,347.4,346.65,346.85,1297,ETERNAL,NaN,346.90252854624674,346.9473495176185,38.696713208033,351.3,14.458392097585607,,,,,,
2025-10-13T12:50:00.000000,346.85,347.0,346.6,346.9,1899,ETERNAL,NaN,346.9020228369974,346.9430450160168,39.34105723221189,351.3,14.244199691798741,,,,,,
2025-10-13T12:55:00.000000,346.9,347.25,346.7,347.25,1293,ETERNAL,NaN,346.9716182695979,346.97095001456074,40.372872498784716,351.3,14.547729883080866,,,,,,
2025-10-13T13:00:00.000000,347.25,347.4,347.0,347.1,4948,ETERNAL,NaN,346.99729461567836,346.98268183141886,41.12314427038912,351.3,15.113839550058856,,,,,,
2025-10-13T13:05:00.000000,347.1,347.5,347.1,347.5,2433,ETERNAL,NaN,347.0978356925427,347.0297107558353,42.29094521312832,351.3,15.82705807431239,,,,,,
2025-10-13T13:10:00.000000,347.5,347.8,347.3,347.75,3609,ETERNAL,NaN,347.2282685540341,347.0951915962139,43.625437689660075,351.3,17.016991668056164,,,,,,
2025-10-13T13:15:00.000000,347.8,347.8,347.45,347.7,4885,ETERNAL,NaN,347.3226148432273,347.1501741783763,44.76149932229683,351.3,18.121930005103955,,,,,,
2025-10-13T13:20:00.000000,347.7,347.7,347.15,347.15,3264,ETERNAL,NaN,347.2880918745818,347.15015834397843,45.069062535784475,351.3,18.176605859888785,,,,,,
2025-10-13T13:25:00.000000,347.15,347.75,347.15,347.6,2360,ETERNAL,NaN,347.35047349966544,347.1910530399804,45.87786577738555,351.3,18.33218411671174,,,,,,
2025-10-13T13:30:00.000000,347.6,347.75,347.45,347.75,6010,ETERNAL,NaN,347.43037879973235,347.24186639998214,46.77339290239599,351.3,18.476649640904487,,,,,,
2025-10-13T13:35:00.000000,347.75,347.75,347.5,347.65,1698,ETERNAL,NaN,347.47430303978587,347.2789694545292,47.44730369654336,351.3,18.610796199083463,,,,,,
2025-10-13T13:40:00.000000,347.65,347.95,347.65,347.95,3701,ETERNAL,NaN,347.5694424318287,347.33997223139016,48.39634570417063,351.3,19.206884747752415,,,,,,
2025-10-13T13:45:00.000000,347.95,349.0,347.75,349.0,9174,ETERNAL,NaN,347.85555394546293,347.4908838467183,50.169202836091415,351.3,21.42520337540327,,,,,,
2025-10-13T13:50:00.000000,349.0,349.0,348.05,348.2,1864,ETERNAL,NaN,347.92444315637033,347.5553489515621,50.7771373859172,351.3,23.48507067250764,,,,,,
2025-10-13T13:55:00.000000,348.2,348.25,347.75,347.9,1489,ETERNAL,NaN,347.91955452509626,347.58668086505645,51.00782289160309,351.3,24.371481696391395,,,,,,
2025-10-13T14:00:00.000000,347.9,348.6,347.9,348.35,2686,ETERNAL,NaN,348.005643620077,347.65607351368766,51.60613907306758,351.3,25.68569232619192,,,,,,
2025-10-13T14:05:00.000000,348.55,348.65,348.2,348.55,3590,ETERNAL,NaN,348.1145148960616,347.7373395578979,52.310814921061905,351.3,26.972388148179743,,,,,,
2025-10-13T14:10:00.000000,348.55,348.9,348.25,348.25,3907,ETERNAL,NaN,348.1416119168493,347.78394505263446,52.60605222835206,351.3,28.490430937219124,,,,,,
2025-10-13T14:15:00.000000,348.25,348.55,347.4,347.6,2208,ETERNAL,NaN,348.03328953347943,347.76722277512226,52.21641882420845,351.3,27.492501463637403,,,,,,
2025-10-13T14:20:00.000000,347.6,348.3,347.55,348.2,2631,ETERNAL,NaN,348.06663162678353,347.8065661592021,52.40372183094968,351.3,26.56585266674009,,,,,,
2025-10-13T14:25:00.000000,348.2,348.7,348.0,348.45,2726,ETERNAL,NaN,348.14330530142684,347.86506014472917,52.77860130874454,351.3,26.379491121836104,,,,,,
2025-10-13T14:30:00.000000,348.45,348.6,348.3,348.3,1265,ETERNAL,NaN,348.1746442411415,347.90460013157195,52.959381644769856,351.3,26.206441115853835,,,,,,
2025-10-13T14:35:00.000000,348.3,348.4,348.05,348.3,973,ETERNAL,NaN,348.1997153929132,347.9405455741563,53.12294480593561,351.3,25.38969575176616,,,,,,
2025-10-13T14:40:00.000000,348.3,348.3,347.95,348.3,2695,ETERNAL,NaN,348.21977231433056,347.973223249233,53.27093052318082,351.3,24.377714679351833,,,,,,
2025-10-13T14:45:00.000000,348.3,348.4,348.1,348.15,2013,ETERNAL,NaN,348.2058178514644,347.98929386293906,53.21965627455337,351.3,23.642440719791356,,,,,,
2025-10-13T14:50:00.000000,348.15,348.5,348.0,348.35,4229,ETERNAL,NaN,348.2346542811715,348.0220853299446,53.39194925814517,351.3,22.959686328770914,,,,,,
2025-10-13T14:55:00.000000,348.35,348.4,348.0,348.0,1633,ETERNAL,NaN,348.1877234249372,348.02007757267694,53.10826881245141,351.3,22.325700108537642,,,,,,
2025-10-13T15:00:00.000000,348.0,348.0,347.55,347.55,8056,ETERNAL,NaN,348.0601787399498,347.97734324788814,52.35204060040096,351.3,20.97497901149575,,,,,,
2025-10-13T15:05:00.000000,347.55,348.7,347.55,348.55,20008,ETERNAL,NaN,348.15814299195983,348.02940295262556,52.708927886987794,351.3,20.74289756134144,,,,,,
2025-10-13T15:10:00.000000,348.55,348.75,347.95,348.15,11125,ETERNAL,NaN,348.1565143935679,348.0403663205687,52.60927821439884,351.3,20.618377198934155,,,,,,
2025-10-13T15:15:00.000000,348.15,348.45,348.05,348.35,17611,ETERNAL,NaN,348.1952115148543,348.06851483688064,52.70715632065199,351.3,20.50275114812739,,,,,,
2025-10-13T15:20:00.000000,348.35,348.6,347.95,348.0,12333,ETERNAL,NaN,348.1561692118834,348.06228621534603,52.430588372452135,351.3,20.691112401433195,,,,,,
2025-10-13T15:25:00.000000,348.0,348.45,347.6,347.6,8756,ETERNAL,NaN,348.04493536950673,348.02026019576914,51.79683619400713,351.3,19.864895375754646,,,,,,
2025-10-14T09:15:00.000000,351.05,351.95,348.4,349.5,109163,ETERNAL,NaN,348.33594829560536,348.15478199615376,52.73446274714115,351.95,22.672449913542085,,,,,,
2025-10-14T09:20:00.000000,349.5,349.5,346.2,346.2,73901,ETERNAL,NaN,347.90875863648427,347.97707454195796,51.50629633045137,351.95,22.192045581946065,,,,,,
2025-10-14T09:25:00.000000,346.2,346.7,345.25,346.6,74407,ETERNAL,NaN,347.64700690918744,347.8518859472345,50.647969549866396,351.95,20.81735462621477,,,,,,
2025-10-14T09:30:00.000000,346.6,347.45,346.55,347.15,50167,ETERNAL,NaN,347.54760552734996,347.7880781338495,50.207350852171565,351.95,20.144193509731988,,,,,,
2025-10-14T09:35:00.000000,347.15,347.75,347.05,347.05,34630,ETERNAL,NaN,347.44808442187997,347.7209801216814,49.75667539969085,351.95,19.74782089254766,,,,,,
2025-10-14T09:40:00.000000,347.05,347.3,346.95,347.05,36225,ETERNAL,NaN,347.368467537504,347.6599819288013,49.34892141887496,351.95,19.274941407916177,,,,,,
2025-10-14T09:45:00.000000,347.05,347.6,346.8,347.6,48314,ETERNAL,NaN,347.4147740300032,347.654529026183,49.34546570755274,351.95,19.082362039195242,,,,,,
2025-10-14T09:50:00.000000,347.6,348.65,347.4,347.8,40010,ETERNAL,NaN,347.49181922400254,347.6677536601664,49.47181705259342,351.95,19.679610643686633,,,,,,
2025-10-14T09:55:00.000000,347.8,348.15,347.7,348.1,30682,ETERNAL,NaN,347.61345537920204,347.70704878196943,49.78122879996722,351.95,20.2341986335715,,,,,,
2025-10-14T10:00:00.000000,348.1,348.65,347.95,348.05,49584,ETERNAL,NaN,347.7007643033616,347.73822616542674,50.02402433199992,351.95,21.096936886331687,,,,,,
2025-10-14T10:05:00.000000,348.05,348.3,347.85,348.1,19148,ETERNAL,NaN,347.7806114426893,347.77111469584247,50.27958352490337,351.95,21.763404879922174,,,,,,
2025-10-14T10:10:00.000000,348.05,348.45,347.9,348.4,34825,ETERNAL,NaN,347.9044891541514,347.8282860871295,50.729676947667826,351.95,22.49406362053707,,,,,,
2025-10-14T10:15:00.000000,348.4,348.4,348.15,348.15,21055,ETERNAL,NaN,347.9535913233211,347.8575328064814,50.917991639033914,351.95,23.172532451108044,,,,,,
2025-10-14T10:20:00.000000,348.15,348.8,347.95,348.7,23342,ETERNAL,NaN,348.1028730586569,347.9341207331649,51.49413110089217,351.95,24.11852672146287,,,,,,
2025-10-14T10:25:00.000000,348.7,348.9,348.5,348.75,37781,ETERNAL,NaN,348.2322984469255,348.00829157560446,52.05123016486528,351.95,25.075120542981608,,,,,,
2025-10-14T10:30:00.000000,348.75,349.5,348.7,349.3,37508,ETERNAL,NaN,348.4458387575404,348.12571961418587,52.936524662125464,351.95,26.41011213791952,,,,,,
2025-10-14T10:35:00.000000,349.3,349.6,349.3,349.4,24090,ETERNAL,NaN,348.6366710060323,348.2415632856235,53.803929920116104,351.95,27.720630539937964,,,,,,
2025-10-14T10:40:00.000000,349.4,349.7,348.75,348.85,34951,ETERNAL,NaN,348.6793368048259,348.29687571420317,54.01817554031974,351.95,27.959063210745875,,,,,,
2025-10-14T10:45:00.000000,348.85,349.55,348.85,349.4,21415,ETERNAL,NaN,348.8234694438607,348.3971597401847,54.6062360930937,351.95,28.180464976496076,,,,,,
2025-10-14T10:50:00.000000,349.4,349.7,349.1,349.15,20731,ETERNAL,NaN,348.88877555508856,348.4655997638043,54.88562635983396,351.95,28.529165295623898,,,,,,
2025-10-14T10:55:00.000000,349.15,349.45,349.05,349.3,12544,ETERNAL,NaN,348.97102044407086,348.54145433073114,55.25038322341669,351.95,28.7548264925023,,,,,,
2025-10-14T11:00:00.000000,349.3,349.35,349.0,349.15,8612,ETERNAL,NaN,349.00681635525666,348.59677666430105,55.41847532831966,351.95,28.860929747460975,,,,,,
2025-10-14T11:05:00.000000,349.15,349.4,349.0,349.05,10993,ETERNAL,NaN,349.0154530842053,348.63797878572825,55.4599695688425,351.95,29.017773776925434,,,,,,
2025-10-14T11:10:00.000000,349.05,349.2,348.45,348.75,45244,ETERNAL,NaN,348.96236246736424,348.6481625324802,55.16910913335658,351.95,28.023541074605667,,,,,,
2025-10-14T11:15:00.000000,348.75,348.75,347.9,347.9,33062,ETERNAL,NaN,348.7498899738914,348.5801477568002,54.114796271762096,351.95,26.147225427731517,,,,,,
2025-10-14T11:20:00.000000,347.9,348.4,347.45,347.55,35353,ETERNAL,NaN,348.50991197911316,348.4864979607275,52.885065786957426,351.95,24.827827328836616,,,,,,
2025-10-14T11:25:00.000000,347.55,348.05,347.1,347.95,21097,ETERNAL,NaN,348.39792958329053,348.4377254188432,52.19123516055363,351.95,24.07773329577116,,,,,,
2025-10-14T11:30:00.000000,347.95,348.6,347.9,348.6,20329,ETERNAL,NaN,348.4383436666324,348.4524776534938,52.16307338582377,351.95,22.493853944926435,,,,,,
2025-10-14T11:35:00.000000,348.6,349.1,348.5,349.1,17855,ETERNAL,NaN,348.57067493330595,348.511343321358,52.53838799700031,351.95,21.45108110628556,,,,,,
2025-10-14T11:40:00.000000,349.1,349.4,348.55,348.65,17255,ETERNAL,NaN,348.58653994664473,348.52394847396187,52.460310808914514,351.95,20.867633602498785,,,,,,
2025-10-14T11:45:00.000000,348.65,348.7,348.05,348.65,23715,ETERNAL,NaN,348.5992319573158,348.5354077036017,52.38966954350356,351.95,19.55701934508061,,,,,,
2025-10-14T11:50:00.000000,348.65,348.65,348.35,348.5,14273,ETERNAL,NaN,348.57938556585265,348.5321888214561,52.18128426349344,351.95,18.340020391763733,,,,,,
2025-10-14T11:55:00.000000,348.5,348.8,348.25,348.45,18528,ETERNAL,NaN,348.55350845268214,348.5247171104146,51.94292921025926,351.95,17.43277194481337,,,,,,
2025-10-14T12:00:00.000000,348.45,349.1,348.45,348.9,27173,ETERNAL,NaN,348.62280676214573,348.55883373674055,52.16686575813893,351.95,17.024937322107174,,,,,,
2025-10-14T12:05:00.000000,348.9,348.9,347.8,347.85,28839,ETERNAL,NaN,348.4682454097166,348.4943943061278,51.40089797485948,351.95,16.015157384513575,,,,,,
2025-10-14T12:10:00.000000,347.85,347.95,347.4,347.65,11882,ETERNAL,NaN,348.30459632777325,348.4176311873889,50.55238750088893,351.95,15.630750678038444,,,,,,
2025-10-14T12:15:00.000000,347.65,348.0,347.6,347.8,11361,ETERNAL,NaN,348.2036770622186,348.3614828976263,49.94362262650315,351.95,15.189857772182734,,,,,,
2025-10-14T12:20:00.000000,347.8,348.0,347.5,347.75,20527,ETERNAL,NaN,348.1129416497749,348.30589354329663,49.34947594760407,351.95,14.925114848442629,,,,,,
2025-10-14T12:25:00.000000,347.75,347.75,346.1,346.1,26162,ETERNAL,NaN,347.7103533198199,348.1053577666333,47.695802064489584,351.95,16.273771947750284,,,,,,
2025-10-14T12:30:00.000000,345.9,346.05,344.9,345.25,49299,ETERNAL,NaN,347.2182826558559,347.84577978784847,45.8051407842701,351.95,18.418914246509637,,,,,,
2025-10-14T12:35:00.000000,345.25,345.3,343.8,343.9,33628,ETERNAL,NaN,346.5546261246847,347.4870725344077,43.61369718523081,351.95,21.01344037394214,,,,,,
2025-10-14T12:40:00.000000,343.85,344.4,343.1,343.3,40344,ETERNAL,NaN,345.9037008997478,347.10642957673423,41.45759330283692,351.95,23.736894265813756,,,,,,
2025-10-14T12:45:00.000000,343.3,344.4,343.25,344.35,18758,ETERNAL,NaN,345.5929607197982,346.8558450697584,40.49137492625063,351.95,26.265815736837403,,,,,,
2025-10-14T12:50:00.000000,344.35,345.0,344.2,344.5,23609,ETERNAL,NaN,345.37436857583856,346.641677336144,39.74623381529522,351.95,27.612420462955207,SELL,344.5,,347.25600000000003,337.61,
2025-10-14T12:55:00.000000,344.5,344.8,344.0,344.8,16794,ETERNAL,NaN,345.2594948606708,346.4742521237673,39.3334360706149,351.95,28.983040825723176,,,,347.25600000000003,337.61,
2025-10-14T13:00:00.000000,344.8,344.8,343.7,343.75,18559,ETERNAL,NaN,344.9575958885367,346.22659283978845,38.51081774349127,351.95,30.435094994614584,,,343.75,,,EXIT_SELL_TRAIL
2025-10-14T13:05:00.000000,343.75,344.45,343.7,344.3,17843,ETERNAL,NaN,344.82607671082934,346.05144803617134,38.22774080406573,351.95,31.783431008585175,SELL,344.3,,347.0544,337.414,
2025-10-14T13:10:00.000000,344.3,344.75,343.85,343.95,25155,ETERNAL,NaN,344.65086136866347,345.8604073056103,37.816954706143996,351.95,32.4820008491443,,,343.95,,,EXIT_SELL_TRAIL
2025-10-14T13:15:00.000000,343.95,344.25,343.95,344.0,10779,ETERNAL,NaN,344.5206890949308,345.6912793687366,37.48923048363253,351.95,33.1306728439492,SELL,344.0,,346.752,337.12,
2025-10-14T13:20:00.000000,344.0,344.2,343.9,344.2,3353,ETERNAL,NaN,344.4565512759446,345.5557085170333,37.37518662036311,351.95,33.77446429078198,,,,346.752,337.12,
2025-10-14T13:25:00.000000,344.2,345.0,344.2,345.0,16615,ETERNAL,NaN,344.5652410207557,345.50518956093936,37.94982805131236,351.95,32.88871724047604,,,,346.752,337.12,
2025-10-14T13:30:00.000000,345.0,346.3,344.9,346.3,24018,ETERNAL,NaN,344.91219281660454,345.57744505539944,39.35111017836517,351.95,30.778240699364584,,,,346.752,337.12,
2025-10-14T13:35:00.000000,346.3,346.85,346.05,346.4,51590,ETERNAL,NaN,345.2097542532836,345.65222277763587,40.67919352766332,351.95,29.404696522131538,,,346.4,,,EXIT_SELL_SL
2025-10-14T13:40:00.000000,346.4,346.45,345.95,346.35,22254,ETERNAL,NaN,345.4378034026269,345.71565707057806,41.84452323136145,351.95,27.9989693509877,,,,,,
2025-10-14T13:45:00.000000,346.35,346.4,345.4,346.1,25520,ETERNAL,NaN,345.5702427221015,345.75059733688914,42.71215143743444,351.95,26.001567460412844,,,,,,
2025-10-14T13:50:00.000000,346.1,346.3,345.8,346.1,12960,ETERNAL,NaN,345.6761941776812,345.7823612153538,43.4971483857862,351.95,24.146837133450475,,,,,,
2025-10-14T13:55:00.000000,346.1,346.5,346.05,346.1,12302,ETERNAL,NaN,345.760955342145,345.8112374685034,44.20738372000921,351.95,22.680952434515028,,,,,,
2025-10-14T14:00:00.000000,346.1,346.35,345.85,346.2,5385,ETERNAL,NaN,345.848764273716,345.8465795168213,44.934866758701304,351.95,21.077534127401485,,,,,,
2025-10-14T14:05:00.000000,346.2,347.0,346.2,346.9,14018,ETERNAL,NaN,346.0590114189728,345.94234501529206,46.14566267403353,351.95,20.38064201209479,,,,,,
2025-10-14T14:10:00.000000,346.9,347.0,345.9,346.4,16976,ETERNAL,NaN,346.1272091351782,345.98395001390185,46.77542747354124,351.95,19.302632347861024,,,,,,
2025-10-14T14:15:00.000000,346.4,346.85,345.85,346.05,9239,ETERNAL,NaN,346.11176730814253,345.98995455809256,47.04322665309316,351.95,18.229178878472045,,,,,,
2025-10-14T14:20:00.000000,346.05,346.3,345.5,346.25,15599,ETERNAL,NaN,346.139413846514,346.0135950528114,47.45676437337025,351.95,17.126031714467945,,,,,,
2025-10-14T14:25:00.000000,346.25,346.35,346.05,346.25,19810,ETERNAL,NaN,346.1615310772112,346.0350864116467,47.83091754885904,351.95,16.026001042309296,,,,,,
2025-10-14T14:30:00.000000,346.25,346.8,346.2,346.8,12661,ETERNAL,NaN,346.28922486176896,346.10462401058794,48.642319891948226,351.95,15.41803869139413,,,,,,
2025-10-14T14:35:00.000000,346.8,347.4,346.55,346.95,44191,ETERNAL,NaN,346.42137988941516,346.1814763732618,49.49751717106411,351.95,15.615710706765368,,,,,,
2025-10-14T14:40:00.000000,346.95,347.35,346.95,347.25,17371,ETERNAL,NaN,346.58710391153215,346.27861488478345,50.509497552404525,351.95,15.799263292467232,,,,,,
2025-10-14T14:45:00.000000,347.25,347.55,347.0,347.55,27130,ETERNAL,NaN,346.7796831292257,346.3941953498031,51.65208259733944,351.95,16.219237492383023,,,,,,
2025-10-14T14:50:00.000000,347.55,347.55,347.25,347.45,6408,ETERNAL,NaN,346.91374650338054,346.4901775907301,52.56081086595202,351.95,16.609213535161974,,,,,,
2025-10-14T14:55:00.000000,347.45,348.5,347.45,348.5,48115,ETERNAL,NaN,347.23099720270443,346.67288871884557,54.092321087418156,351.95,18.036682073636374,,,,,,
2025-10-14T15:00:00.000000,348.45,348.5,347.7,347.75,34605,ETERNAL,NaN,347.33479776216353,346.77080792622326,54.63699373086693,351.95,19.362188573648318,,,,,,
2025-10-14T15:05:00.000000,347.75,348.0,347.6,347.8,28350,ETERNAL,NaN,347.42783820973085,346.8643708420211,55.164819659677384,351.95,20.371345264510403,,,,,,
2025-10-14T15:10:00.000000,347.8,347.8,347.4,347.6,21147,ETERNAL,NaN,347.4622705677847,346.9312462200192,55.425007525582316,351.95,20.86358983216214,,,,,,
2025-10-14T15:15:00.000000,347.65,348.5,347.65,347.9,72345,ETERNAL,NaN,347.54981645422777,347.019314745472,55.891898191546254,351.95,22.09764338576624,,,,,,
2025-10-14T15:20:00.000000,347.9,348.2,347.1,347.3,48415,ETERNAL,NaN,347.4998531633822,347.0448315867927,55.67894108031312,351.95,22.135216105105673,,,,,,
2025-10-14T15:25:00.000000,347.3,347.6,346.45,346.45,38755,ETERNAL,NaN,347.28988253070577,346.9907559879934,54.74856495333802,351.95,21.074563354578157,,,,,,
2025-10-15T09:15:00.000000,347.75,349.0,347.2,348.5,59064,ETERNAL,NaN,347.5319060245646,347.1279599890849,55.311591952839265,353.3,21.5789223862721,,,,,,
2025-10-15T09:20:00.000000,348.5,350.0,347.8,350.0,36402,ETERNAL,NaN,348.02552481965165,347.3890545355317,56.483691791583304,353.3,22.804264853127318,,,,,,
2025-10-15T09:25:00.000000,349.85,351.0,349.75,350.65,32936,ETERNAL,NaN,348.5504198557213,347.68550412321065,57.77931018037326,353.3,24.5418437962798,,,,,,
2025-10-15T09:30:00.000000,350.65,351.4,350.55,351.1,79117,ETERNAL,NaN,349.06033588457706,347.9959128392824,59.10477408940839,353.3,26.365831320681917,,,,,,
2025-10-15T09:35:00.000000,351.1,351.25,350.2,350.85,20471,ETERNAL,NaN,349.41826870766164,348.25537530843854,60.091105844932166,353.3,27.524521350474508,,,,,,
2025-10-15T09:40:00.000000,350.9,351.6,350.45,351.5,37788,ETERNAL,NaN,349.8346149661293,348.5503411894896,61.217024921920995,353.3,28.809619308495993,,,,,,
2025-10-15T09:45:00.000000,351.5,352.7,351.5,351.95,48019,ETERNAL,NaN,350.25769197290344,348.8594010813542,62.3867966077595,353.3,30.57586784992214,,,,,,
2025-10-15T09:50:00.000000,351.95,352.5,351.3,352.45,14237,ETERNAL,NaN,350.69615357832276,349.18581916486744,63.60493549273562,353.3,31.908675291382576,,,,,,
2025-10-15T09:55:00.000000,352.35,352.7,352.0,352.2,12058,ETERNAL,NaN,350.9969228626582,349.45983560442494,64.47104704178689,353.3,33.252490543511165,,,,,,
2025-10-15T10:00:00.000000,352.15,353.0,352.15,352.8,31819,ETERNAL,NaN,351.35753829012657,349.7634869131136,65.45880548450695,353.3,34.6593371000232,,,,,,
2025-10-15T10:05:00.000000,352.8,352.95,352.4,352.45,23548,ETERNAL,NaN,351.57603063210126,350.0077153755578,66.01746494785931,353.3,35.965694616784376,,,,,,
2025-10-15T10:10:00.000000,352.45,352.75,351.9,352.15,9879,ETERNAL,NaN,351.690824505681,350.20246852323436,66.24045429998085,353.3,36.301340820862066,,,,,,
2025-10-15T10:15:00.000000,352.2,352.85,352.1,352.35,6381,ETERNAL,NaN,351.8226596045448,350.39769865748576,66.52956272937945,353.3,36.68507859492953,,,,,,
2025-10-15T10:20:00.000000,352.3,353.3,352.3,353.05,56381,ETERNAL,NaN,352.06812768363585,350.6388169613507,67.07936421390968,353.3,37.35857654209525,,,,,,
2025-10-15T10:25:00.000000,353.05,353.25,352.9,353.1,6857,ETERNAL,NaN,352.2745021469087,350.8625608739552,67.59664073320116,353.3,37.983967493034854,,,,,,
2025-10-15T10:30:00.000000,353.1,353.3,352.0,352.5,18820,ETERNAL,NaN,352.31960171752695,351.0114189763229,67.45297031830125,353.3,36.99831410434668,,,,,,
2025-10-15T10:35:00.000000,352.5,353.0,351.75,351.85,6869,ETERNAL,NaN,352.2256813740216,351.087653614839,66.73348107188856,353.3,35.70192785662855,,,,,,
2025-10-15T10:40:00.000000,351.85,352.2,351.6,351.8,7641,ETERNAL,NaN,352.14054509921726,351.1524123771263,66.03859471586217,353.3,34.26881631070244,,,,,,
2025-10-15T10:45:00.000000,351.8,352.0,351.0,351.6,6923,ETERNAL,NaN,352.03243607937384,351.19310216102394,65.22817765541319,353.3,32.07708647539764,,,,,,
2025-10-15T10:50:00.000000,351.6,352.05,351.4,351.9,4622,ETERNAL,NaN,352.00594886349904,351.2573656009309,64.69434634646291,353.3,30.1057349616382,,,,,,
2025-10-15T10:55:00.000000,351.9,352.25,351.9,352.05,4213,ETERNAL,NaN,352.01475909079926,351.3294232735735,64.31079425626471,353.3,28.53713231300492,,,,,,
2025-10-15T11:00:00.000000,352.05,352.4,351.7,351.95,7307,ETERNAL,NaN,352.0018072726394,351.3858393396123,63.85845942692574,353.3,26.77388654848977,,,,,,
2025-10-15T11:05:00.000000,351.95,352.25,351.85,352.1,3496,ETERNAL,NaN,352.0214458181115,351.45076303601115,63.55935647448097,353.3,25.136586910011413,,,,,,
2025-10-15T11:10:00.000000,352.1,352.8,352.1,352.65,7828,ETERNAL,NaN,352.1471566544892,351.55978457819197,63.66838333149882,353.3,24.388119721530266,,,,,,
2025-10-15T11:15:00.000000,352.65,353.0,352.15,352.45,6340,ETERNAL,NaN,352.2077253235914,351.6407132529018,63.53149957716277,353.3,23.95010542836073,,,,,,
2025-10-15T11:20:00.000000,352.3,352.7,352.15,352.45,5334,ETERNAL,NaN,352.2561802588731,351.71428477536523,63.40765237085872,353.3,23.54337787041759,,,,,,
2025-10-15T11:25:00.000000,352.6,352.8,352.25,352.65,15608,ETERNAL,NaN,352.3349442070985,351.79934979578655,63.448277979535796,353.3,23.30503769491874,,,,,,
2025-10-15T11:30:00.000000,352.65,352.8,352.5,352.75,7649,ETERNAL,NaN,352.4179553656788,351.88577254162414,63.56199714096776,353.3,23.083721817669808,,,,,,
2025-10-15T11:35:00.000000,352.75,352.85,352.55,352.55,3635,ETERNAL,NaN,352.444364292543,351.94615685602196,63.382202624575584,353.3,22.95600764417907,,,,,,
2025-10-15T11:40:00.000000,352.55,353.1,352.55,353.1,24184,ETERNAL,NaN,352.5754914340344,352.05105168729267,63.65646937285595,353.3,23.222299102486062,,,,,,
2025-10-15T11:45:00.000000,353.1,353.5,352.65,353.0,16195,ETERNAL,NaN,352.6603931472275,352.1373197157206,63.76008726303998,353.3,24.022161295636774,,,,,,
2025-10-15T11:50:00.000000,353.0,353.55,352.9,353.5,24788,ETERNAL,NaN,352.828314517782,352.26119974156416,64.22244654958979,353.3,24.830496554936833,,,,,,
2025-10-15T11:55:00.000000,353.5,353.5,353.15,353.3,11168,ETERNAL,NaN,352.92265161422563,352.3556361286947,64.34569476316133,353.3,25.58109358142974,,,,,,
2025-10-15T12:00:00.000000,353.25,353.8,353.25,353.4,14567,ETERNAL,NaN,353.0181212913805,352.45057829881335,64.5351609735637,353.3,26.688234043880446,,,,,,
2025-10-15T12:05:00.000000,353.4,353.4,352.5,352.5,15293,ETERNAL,NaN,352.9144970331044,352.4550711807394,63.52495668841656,353.3,25.77183712657926,,,,,,
2025-10-15T12:10:00.000000,352.5,352.6,351.1,351.3,24476,ETERNAL,NaN,352.5915976264835,352.3500647097631,61.52363106813843,353.3,25.214046391266695,,,,,,
2025-10-15T12:15:00.000000,351.3,352.45,351.25,352.4,49729,ETERNAL,NaN,352.55327810118683,352.3546042816028,60.65937177298025,353.3,24.696097851333597,,,,,,
2025-10-15T12:20:00.000000,352.4,352.8,352.0,352.65,33733,ETERNAL,NaN,352.57262248094946,352.38145843782075,60.061252408576095,353.3,23.583547269545402,,,,,,
2025-10-15T12:25:00.000000,352.65,352.9,352.4,352.8,18390,ETERNAL,NaN,352.6180979847596,352.41950767074616,59.63114463806651,353.3,22.374746827966494,,,,,,
2025-10-15T12:30:00.000000,352.8,352.85,352.35,352.35,4025,ETERNAL,NaN,352.56447838780764,352.4131887915874,58.83850201372814,353.3,21.332252512596938,,,,,,
2025-10-15T12:35:00.000000,352.35,352.5,352.0,352.1,7724,ETERNAL,NaN,352.47158271024614,352.38471708326125,57.90808616196907,353.3,20.910409207706294,,,,,,
2025-10-15T12:40:00.000000,352.1,352.75,352.1,352.6,21117,ETERNAL,NaN,352.4972661681969,352.40428825751025,57.48305974015863,353.3,20.024358722825376,,,,,,
2025-10-15T12:45:00.000000,352.75,352.85,352.45,352.75,7057,ETERNAL,NaN,352.54781293455756,352.4357165977366,57.21826927992898,353.3,19.006459460127047,,,,,,
2025-10-15T12:50:00.000000,352.75,352.95,352.7,352.95,1714,ETERNAL,NaN,352.62825034764603,352.48246963430597,57.13976461789412,353.3,17.861817631554224,,,,,,
2025-10-15T12:55:00.000000,352.95,353.0,352.55,352.7,12883,ETERNAL,NaN,352.64260027811684,352.5022451220963,56.81171640181226,353.3,17.08236854829547,,,,,,
2025-10-15T13:00:00.000000,352.7,352.8,352.5,352.75,5214,ETERNAL,NaN,352.66408022249345,352.5247682928148,56.55990142116201,353.3,16.454766072673248,,,,,,
2025-10-15T13:05:00.000000,352.75,352.8,352.5,352.7,10590,ETERNAL,NaN,352.6712641779948,352.5406984480135,56.276005978806985,353.3,15.871992345309758,,,,,,
2025-10-15T13:10:00.000000,352.7,352.75,352.3,352.55,11596,ETERNAL,NaN,352.64701134239584,352.5415440436486,55.84606732205572,353.3,15.742877507908625,,,,,,
2025-10-15T13:15:00.000000,352.55,353.1,352.5,353.1,11350,ETERNAL,NaN,352.7376090739167,352.5923127669533,55.99971819223799,353.3,14.759488177675616,,,,,,
2025-10-15T13:20:00.000000,353.1,353.75,353.1,353.55,25434,ETERNAL,NaN,352.9000872591334,352.6793752426848,56.52064593701645,353.3,14.838066618481088,,,,,,
2025-10-15T13:25:00.000000,353.55,353.65,353.15,353.45,6357,ETERNAL,NaN,353.0100698073067,352.74943203880434,56.86280956589686,353.3,14.91103231351474,,,,,,
2025-10-15T13:30:00.000000,353.45,353.7,353.25,353.4,10254,ETERNAL,NaN,353.08805584584536,352.8085745807312,57.105175447775665,353.3,15.071119102655175,,,,,,
2025-10-15T13:35:00.000000,353.4,353.6,353.3,353.4,2832,ETERNAL,NaN,353.1504446766763,352.8623405279375,57.324458864713634,353.3,15.219771121142722,,,,,,
2025-10-15T13:40:00.000000,353.4,353.7,353.35,353.5,7840,ETERNAL,NaN,353.220355741341,352.9203095708522,57.62533911734018,353.3,15.561427400224664,,,,,,
2025-10-15T13:45:00.000000,353.4,353.65,353.3,353.3,3523,ETERNAL,NaN,353.2362845930728,352.95482688259295,57.58643703407453,353.3,15.722753773875636,,,,,,
2025-10-15T13:50:00.000000,353.3,353.3,352.8,353.0,10536,ETERNAL,NaN,353.18902767445826,352.95893352963,57.11394934857048,353.3,14.705430550822312,,,,,,
2025-10-15T13:55:00.000000,353.0,353.0,352.55,352.75,14500,ETERNAL,NaN,353.10122213956663,352.93993957239087,56.34976115242536,353.3,14.331176939490051,,,,,,
2025-10-15T14:00:00.000000,352.75,353.2,352.75,352.95,14570,ETERNAL,NaN,353.0709777116533,352.94085415671896,55.923623960186056,353.3,13.473272603881805,,,,,,
2025-10-15T14:05:00.000000,352.95,353.4,352.85,353.2,15416,ETERNAL,NaN,353.09678216932264,352.9644128697445,55.852474270662384,353.3,12.825166740074678,,,,,,
2025-10-15T14:10:00.000000,353.2,353.8,353.1,353.45,33322,ETERNAL,NaN,353.1674257354581,353.00855715431317,56.08176789657842,353.3,13.069626689298078,,,,,,
2025-10-15T14:15:00.000000,353.45,353.75,353.2,353.7,9998,ETERNAL,NaN,353.2739405883665,353.07141559483017,56.563412021103616,353.3,13.29662521357695,,,,,,
2025-10-15T14:20:00.000000,353.7,354.3,353.25,353.75,51289,ETERNAL,NaN,353.36915247069317,353.13310508620924,57.0533629652587,353.3,14.494593897496596,,,,,,
2025-10-15T14:25:00.000000,353.75,353.95,353.7,353.75,3342,ETERNAL,NaN,353.4453219765545,353.1891864420084,57.49665191473235,353.3,15.606993389707696,,,,,,
2025-10-15T14:30:00.000000,353.75,353.8,353.4,353.75,14381,ETERNAL,NaN,353.50625758124363,353.24016949273494,57.89772286901803,353.3,15.761767467332756,,,,,,
2025-10-15T14:35:00.000000,353.75,353.75,353.1,353.1,6069,ETERNAL,NaN,353.42500606499493,353.22742681157723,57.13200593628087,353.3,15.128273332703458,,,,,,
2025-10-15T14:40:00.000000,353.15,353.8,352.8,353.65,14741,ETERNAL,NaN,353.47000485199595,353.2658425559793,57.1504262707657,353.3,14.246261207458911,,,,,,
2025-10-15T14:45:00.000000,353.65,353.65,353.35,353.6,4489,ETERNAL,NaN,353.4960038815968,353.2962205054357,57.08863245736347,353.3,13.42724994830326,,,,,,
2025-10-15T14:50:00.000000,353.6,354.0,353.15,353.85,10917,ETERNAL,NaN,353.5668031052774,353.3465640958506,57.330272544354614,353.3,13.070418803061417,,,,,,
2025-10-15T14:55:00.000000,353.85,354.0,353.5,353.85,5447,ETERNAL,NaN,353.6234424842219,353.3923309962278,57.54889928972755,353.3,12.739075596765419,,,,,,
2025-10-15T15:00:00.000000,353.7,353.85,353.5,353.7,8667,ETERNAL,NaN,353.6387539873775,353.42030090566163,57.47639633505266,353.3,12.431399762347707,,,,,,
2025-10-15T15:05:00.000000,353.7,354.15,353.5,354.15,9434,ETERNAL,NaN,353.741003189902,353.48663718696514,57.95934429615736,353.3,12.829644002897597,,,,,,
2025-10-15T15:10:00.000000,354.1,354.4,353.85,354.05,12705,ETERNAL,NaN,353.8028025519216,353.5378519881501,58.21215685886634,353.3,13.701900873738099,,,,,,
2025-10-15T15:15:00.000000,354.1,354.3,353.75,354.15,47284,ETERNAL,NaN,353.8722420415373,353.5935018074092,58.56174178336031,353.3,14.193536677456047,,,,,,
2025-10-15T15:20:00.000000,354.15,355.2,354.15,355.1,70790,ETERNAL,NaN,354.11779363322984,353.73045618855383,59.77796057077646,353.3,16.106439398708353,,,,,,
2025-10-15T15:25:00.000000,355.1,355.75,354.55,355.75,39318,ETERNAL,NaN,354.44423490658386,353.9140510805035,61.30004245619004,353.3,18.492125815823535,,,,,,
2025-10-16T09:15:00.000000,357.25,360.5,355.95,360.2,117738,ETERNAL,NaN,355.59538792526706,354.4855009822759,63.90633233136183,360.7,22.775658875166815,,,,,,
2025-10-16T09:20:00.000000,360.2,360.7,357.6,357.6,89383,ETERNAL,NaN,355.99631034021365,354.76863725661445,64.14533437457891,360.7,26.79221505381285,,,,,,
2025-10-16T09:25:00.000000,357.6,358.45,356.5,357.1,43102,ETERNAL,NaN,356.2170482721709,354.98057932419493,64.0490835589131,360.7,28.85303054086901,,,,,,
2025-10-16T09:30:00.000000,357.1,358.4,357.0,358.0,39098,ETERNAL,NaN,356.5736386177367,355.2550721129045,64.26884692548823,360.7,30.766644921706874,,,,,,
2025-10-16T09:35:00.000000,358.25,358.9,357.8,357.95,37923,ETERNAL,NaN,356.8489108941894,355.5000655571859,64.43480769356879,360.7,32.74753435931353,,,,,,
2025-10-16T09:40:00.000000,357.95,359.4,357.95,359.2,15982,ETERNAL,NaN,357.3191287153515,355.83642323380536,64.98260050987275,360.7,34.77911884336913,,,,,,
2025-10-16T09:45:00.000000,359.35,359.9,358.8,359.8,18675,ETERNAL,NaN,357.8153029722812,356.1967483943685,65.64775570095122,360.7,36.84651057477385,,,,,,
2025-10-16T09:50:00.000000,359.8,359.8,358.2,358.95,17071,ETERNAL,NaN,358.04224237782495,356.44704399488046,65.67733905299302,360.7,37.85663284920509,,,,,,
2025-10-16T09:55:00.000000,358.95,359.0,358.25,358.3,17796,ETERNAL,NaN,358.09379390225996,356.6154945408004,65.29998977960956,360.7,38.79460353260553,,,,,,
2025-10-16T10:00:00.000000,358.3,359.0,358.2,358.5,21091,ETERNAL,NaN,358.175035121808,356.78681321890946,65.03468168205123,360.7,39.585108929088726,,,,,,
2025-10-16T10:05:00.000000,358.5,358.7,358.2,358.5,22466,ETERNAL,NaN,358.2400280974464,356.9425574717359,64.7946410223556,360.7,40.31914965439455,,,,,,
2025-10-16T10:10:00.000000,358.5,358.7,358.2,358.6,8148,ETERNAL,NaN,358.3120224779571,357.09323406521446,64.62015437045787,360.7,41.00075889932139,,,,,,
2025-10-16T10:15:00.000000,358.4,358.6,358.25,358.25,6361,ETERNAL,NaN,358.2996179823657,357.19839460474043,64.20365600871,360.7,41.6336817696106,,,,,,
2025-10-16T10:20:00.000000,358.25,358.7,358.25,358.7,7979,ETERNAL,NaN,358.37969438589255,357.3349041861277,64.04018020396624,360.7,42.29186270700418,,,,,,
2025-10-16T10:25:00.000000,358.7,359.0,358.5,358.7,7499,ETERNAL,NaN,358.44375550871405,357.4590038055706,63.89227352348381,360.7,43.112873668294135,,,,,,
2025-10-16T10:30:00.000000,358.7,359.05,358.5,358.75,15675,ETERNAL,NaN,358.50500440697124,357.5763670959733,63.784210389553905,360.7,43.91027804902637,,,,,,
2025-10-16T10:35:00.000000,358.75,359.1,358.7,358.9,4661,ETERNAL,NaN,358.584003525577,357.6966973599757,63.767174080050225,360.7,44.6876347997956,,,,,,
2025-10-16T10:40:00.000000,358.9,359.65,358.75,359.65,39697,ETERNAL,NaN,358.79720282046156,357.87427032725066,64.13020771148021,360.7,45.79072241497978,,,,,,
2025-10-16T10:45:00.000000,359.65,359.9,358.0,358.55,19498,ETERNAL,NaN,358.74776225636924,357.9357002975006,63.511993663003445,360.7,45.12485057817077,,,,,,
2025-10-16T10:50:00.000000,358.55,359.35,358.1,359.25,6435,ETERNAL,NaN,358.8482098050954,358.0551820886369,63.32209013390454,360.7,44.50654101541954,,,,,,
2025-10-16T10:55:00.000000,359.25,359.5,359.0,359.45,6794,ETERNAL,NaN,358.9685678440763,358.1819837169426,63.250705536100455,360.7,44.08278223787926,,,,,,
2025-10-16T11:00:00.000000,359.45,359.85,357.8,357.9,36284,ETERNAL,NaN,358.75485427526104,358.1563488335842,62.07684871255472,360.7,41.49093224592225,,,,,,
2025-10-16T11:05:00.000000,357.9,359.35,357.9,358.75,9393,ETERNAL,NaN,358.7538834202088,358.2103171214402,61.47768929957695,360.7,39.084214396247894,,,,,,
2025-10-16T11:10:00.000000,358.95,359.05,357.5,357.95,7219,ETERNAL,NaN,358.59310673616704,358.186651928582,60.45090348765208,360.7,36.34439671888695,,,,,,
2025-10-16T11:15:00.000000,357.85,358.45,357.55,358.2,4433,ETERNAL,NaN,358.5144853889336,358.18786538962,59.661775517905404,360.7,33.80028030419464,,,,,,
2025-10-16T11:20:00.000000,358.2,358.2,357.5,357.8,3518,ETERNAL,NaN,358.3715883111469,358.15260489965453,58.70525926904974,360.7,31.51824888614132,,,,,,
2025-10-16T11:25:00.000000,357.8,358.8,356.4,358.15,23696,ETERNAL,NaN,358.32727064891753,358.152368090595,58.050868506057995,360.7,30.883162849839376,,,,,,
2025-10-16T11:30:00.000000,358.0,358.35,356.05,356.4,13381,ETERNAL,NaN,357.941816519134,357.9930619005409,56.513577414674,360.7,30.667184342053083,,,,,,
2025-10-16T11:35:00.000000,356.4,357.3,356.3,357.25,9604,ETERNAL,NaN,357.80345321530723,357.92551081867356,55.62635390176019,360.7,30.466632870537246,,,,,,
2025-10-16T11:40:00.000000,357.25,357.3,356.2,356.6,5247,ETERNAL,NaN,357.5627625722458,357.80500983515776,54.510131059196176,360.7,30.393344874585527,,,,,,
2025-10-16T11:45:00.000000,356.5,357.3,356.2,357.0,8901,ETERNAL,NaN,357.45021005779665,357.7318271228707,53.736228460117914,360.7,30.3252917354875,,,,,,
2025-10-16T11:50:00.000000,357.0,357.75,356.95,357.3,3754,ETERNAL,NaN,357.42016804623734,357.69257011170066,53.2119579346931,360.7,29.313071619699375,,,,,,
2025-10-16T11:55:00.000000,357.3,357.35,356.95,357.2,3843,ETERNAL,NaN,357.37613443698984,357.647791010637,52.68150094677135,360.7,28.37315294075326,,,,,,
2025-10-16T12:00:00.000000,357.2,357.4,356.05,356.6,15580,ETERNAL,NaN,357.22090754959186,357.5525372823973,51.869596444716784,360.7,28.652067396653884,,,,,,
2025-10-16T12:05:00.000000,356.6,357.0,353.3,353.3,43983,ETERNAL,NaN,356.4367260396735,357.1659429839975,49.86358436263404,360.7,30.78575713572904,,,,,,
2025-10-16T12:10:00.000000,353.45,355.6,353.35,354.95,25154,ETERNAL,NaN,356.1393808317388,356.9644936218159,48.971224839729956,360.7,32.76704046487025,,,,,,
2025-10-16T12:15:00.000000,354.95,355.1,354.05,354.7,11133,ETERNAL,NaN,355.851504665391,356.7586305652872,48.077718942099395,360.7,34.60680355621567,,,,,,
2025-10-16T12:20:00.000000,354.7,355.15,354.4,354.55,5536,ETERNAL,NaN,355.5912037323128,356.5578459684429,47.21567075926477,360.7,36.21637217896048,,,,,,
2025-10-16T12:25:00.000000,354.25,354.65,354.0,354.5,10901,ETERNAL,NaN,355.3729629858502,356.3707690622208,46.416838062084565,360.7,37.92498105384716,,,,,,
2025-10-16T12:30:00.000000,354.5,355.35,354.35,354.8,11398,ETERNAL,NaN,355.2583703886802,356.2279718747462,45.879269633346844,360.7,38.18000874581731,,,,,,
2025-10-16T12:35:00.000000,355.05,355.1,354.55,354.85,20093,ETERNAL,NaN,355.1766963109442,356.1027017043147,45.424897432882304,360.7,38.41682017407531,,,,,,
2025-10-16T12:40:00.000000,354.85,356.55,354.65,356.5,17761,ETERNAL,NaN,355.4413570487553,356.1388197311952,45.95483308982135,360.7,36.42795298382888,,,,,,
2025-10-16T12:45:00.000000,356.5,357.0,356.05,356.45,8232,ETERNAL,NaN,355.64308563900425,356.1671088465411,46.40785453964575,360.7,34.04353706941869,,,,,,
2025-10-16T12:50:00.000000,356.45,356.75,356.05,356.25,6339,ETERNAL,NaN,355.7644685112034,356.1746444059465,46.707034847144975,360.7,31.829436577466367,,,,,,
2025-10-16T12:55:00.000000,356.25,356.95,356.25,356.9,7946,ETERNAL,NaN,355.9915748089627,356.2405858235877,47.33454192759943,360.7,29.587819815856786,,,,,,
2025-10-16T13:00:00.000000,356.9,356.9,355.25,355.5,18617,ETERNAL,NaN,355.89325984717016,356.1732598396252,47.156434426530566,360.7,28.549909566312383,,,,,,
2025-10-16T13:05:00.000000,355.5,356.25,355.25,355.8,17291,ETERNAL,NaN,355.87460787773614,356.139327126932,47.16563650760047,360.7,27.58613576316401,,,,,,
2025-10-16T13:10:00.000000,355.95,357.2,355.95,356.8,11342,ETERNAL,NaN,356.05968630218894,356.19938829721093,47.70310893508239,360.7,25.734661625102095,,,,,,
2025-10-16T13:15:00.000000,356.8,356.8,355.7,356.4,9558,ETERNAL,NaN,356.12774904175114,356.2176257247372,47.971090216121965,360.7,24.064788102294496,,,,,,
2025-10-16T13:20:00.000000,356.4,356.55,354.5,355.0,36579,ETERNAL,NaN,355.9021992334009,356.1069324770338,47.537099129155116,360.7,23.698314071067294,,,,,,
2025-10-16T13:25:00.000000,355.0,356.25,354.75,355.8,6849,ETERNAL,NaN,355.8817593867207,356.0790295245762,47.57359548962266,360.7,23.358016756356317,,,,,,
2025-10-16T13:30:00.000000,355.8,355.95,355.0,355.75,3334,ETERNAL,NaN,355.85540750937656,356.0491177496147,47.58228448271902,360.7,23.042026392696126,,,,,,
2025-10-16T13:35:00.000000,355.75,355.8,354.5,354.7,4100,ETERNAL,NaN,355.6243260075012,355.9264706814679,47.101704726134535,360.7,23.218678197298235,,,,,,
2025-10-16T13:40:00.000000,354.7,354.9,345.85,352.4,123481,ETERNAL,NaN,354.979460806001,355.6058824376981,45.84680589736187,360.7,26.58547632983569,,,,,,
2025-10-16T13:45:00.000000,352.4,354.45,350.7,352.15,51756,ETERNAL,NaN,354.41356864480076,355.29171130699825,44.63662997069907,360.7,29.71178888147761,SELL,352.15,,354.9672,345.10699999999997,
2025-10-16T13:50:00.000000,352.15,352.15,349.85,351.25,23689,ETERNAL,NaN,353.7808549158406,354.92428300636203,43.281787270217606,360.7,32.750743703550434,,,351.25,,,EXIT_SELL_TRAIL
2025-10-16T13:55:00.000000,351.3,352.1,350.5,351.6,9737,ETERNAL,NaN,353.3446839326725,354.62207546032914,42.27693862012431,360.7,35.572630324046635,SELL,351.6,,354.4128,344.56800000000004,
2025-10-16T14:00:00.000000,351.7,351.85,349.25,349.75,28662,ETERNAL,NaN,352.625747146138,354.1791595093901,40.87056416796162,360.7,38.388521438373765,,,349.75,,,EXIT_SELL_TRAIL
2025-10-16T14:05:00.000000,349.75,351.1,349.4,350.55,25709,ETERNAL,NaN,352.2105977169104,353.84923591762737,40.07550362803138,360.7,41.0032774731061,,,,,,
2025-10-16T14:10:00.000000,350.55,351.2,350.0,350.65,14018,ETERNAL,NaN,351.8984781735283,353.55839628875214,39.415429818188215,360.7,43.31784953331241,,,,,,
2025-10-16T14:15:00.000000,350.65,351.0,349.9,350.9,13647,ETERNAL,NaN,351.6987825388226,353.3167238988656,38.97248253118615,360.7,45.48547611648394,,,,,,
2025-10-16T14:20:00.000000,350.9,351.85,347.35,351.85,46483,ETERNAL,NaN,351.7290260310581,353.18338536260507,39.13214981525565,360.7,47.89320914158026,,,,,,
2025-10-16T14:25:00.000000,351.15,351.5,350.4,351.45,10144,ETERNAL,NaN,351.67322082484645,353.0258048750955,39.124486786924734,360.7,50.12896123631255,,,,,,
2025-10-16T14:30:00.000000,351.45,352.5,351.45,352.4,14968,ETERNAL,NaN,351.8185766598772,352.9689135228141,39.647663439453254,360.7,51.08935420575673,,,,,,
2025-10-16T14:35:00.000000,352.4,352.5,351.8,352.05,7329,ETERNAL,NaN,351.86486132790174,352.885375929831,39.97242571318327,360.7,51.98114767738347,,,,,,
2025-10-16T14:40:00.000000,352.05,352.5,352.05,352.5,5604,ETERNAL,NaN,351.9918890623214,352.8503417543918,40.51669946871965,360.7,52.809241615322584,,,,,,
2025-10-16T14:45:00.000000,352.5,353.5,352.15,352.45,34987,ETERNAL,NaN,352.0835112498571,352.8139470494471,40.985225679669036,360.7,52.43108798054533,,,,,,
2025-10-16T14:50:00.000000,352.45,357.7,346.75,357.7,178165,ETERNAL,NaN,353.2068089998857,353.25813368131554,43.40073573322542,360.7,53.44244981412211,,,,,,
2025-10-16T14:55:00.000000,356.55,368.3,355.75,368.3,551671,ETERNAL,NaN,356.22544719990856,354.62557607392324,47.04299145712197,360.7,50.03874258228268,,,,,,
2025-10-16T15:00:00.000000,368.3,368.4,345.5,348.0,727251,ETERNAL,NaN,354.58035775992687,354.02325097629387,46.57603374973849,360.7,48.40485802473643,,,,,,
2025-10-16T15:05:00.000000,347.5,349.4,342.6,347.3,394457,ETERNAL,NaN,353.1242862079415,353.4120463420853,46.08270847424864,360.7,47.33867042074594,,,,,,
2025-10-16T15:10:00.000000,347.3,347.7,341.3,341.7,177968,ETERNAL,NaN,350.8394289663532,352.3473148564412,45.11596570390911,360.7,46.539498237649354,,,,,,
2025-10-16T15:15:00.000000,341.9,343.15,338.25,341.9,305016,ETERNAL,NaN,349.05154317308256,351.39755896040106,44.27211473170249,360.7,46.217622719571374,,,,,,
2025-10-16T15:20:00.000000,342.3,343.3,341.05,342.7,125501,ETERNAL,NaN,347.78123453846604,350.6068717821828,43.63791442331175,360.7,45.86947061889935,,,,,,
2025-10-16T15:25:00.000000,342.9,343.0,340.05,340.05,103032,ETERNAL,NaN,346.2349876307728,349.64715616562074,42.81119529862208,360.7,45.68734208804186,,,,,,
2025-10-17T09:15:00.000000,340.3,345.8,334.2,336.8,470523,ETERNAL,NaN,344.34799010461825,348.47923287783703,41.77923381443175,347.75,46.227085315301835,,,,,,
2025-10-17T09:20:00.000000,337.0,337.95,333.75,337.85,165497,ETERNAL,NaN,343.0483920836946,347.51293897985187,41.03227808410089,347.75,46.77602363158093,,,,,,
2025-10-17T09:25:00.000000,337.7,343.5,337.5,339.7,129804,ETERNAL,NaN,342.37871366695566,346.8026717998653,40.68270418443385,347.75,45.53127686975661,,,,,,
2025-10-17T09:30:00.000000,339.65,340.15,338.55,338.85,38983,ETERNAL,NaN,341.67297093356456,346.0797016362412,40.27741380954097,347.75,44.375440590919744,,,,,,
2025-10-17T09:35:00.000000,338.85,340.8,338.55,339.95,19804,ETERNAL,NaN,341.32837674685163,345.5224560329466,40.11468737089442,347.75,43.10613727363795,,,,,,
2025-10-17T09:40:00.000000,339.95,340.7,339.4,340.15,17299,ETERNAL,NaN,341.0927013974813,345.03405093904234,40.00579757408623,347.75,41.92749847901913,,,,,,
2025-10-17T09:45:00.000000,340.15,341.7,339.9,340.3,45985,ETERNAL,NaN,340.934161117985,344.6036826718567,39.93787937136202,347.75,40.5031948591725,,,,,,
2025-10-17T09:50:00.000000,340.3,345.15,339.9,343.2,127451,ETERNAL,NaN,341.387328894388,344.4760751562334,40.44759598669438,347.75,38.14072376822509,,,,,,
2025-10-17T09:55:00.000000,343.2,344.5,342.7,343.6,55089,ETERNAL,NaN,341.8298631155104,344.39643196021217,40.984122616859025,347.75,35.94700061234535,,,,,,
2025-10-17T10:00:00.000000,343.65,347.25,343.6,347.1,51813,ETERNAL,NaN,342.88389049240834,344.64221087292015,42.085423783018655,347.75,33.61122579628556,,,,,,
2025-10-17T10:05:00.000000,347.2,347.75,345.25,346.3,45700,ETERNAL,NaN,343.56711239392666,344.79291897538195,42.93833140250651,347.75,31.574188001492995,,,,,,
2025-10-17T10:10:00.000000,346.3,346.3,344.1,344.15,62446,ETERNAL,NaN,343.6836899151413,344.73447179580177,43.33749194851031,347.75,29.343817463239663,,,,,,
2025-10-17T10:15:00.000000,344.15,344.65,341.65,341.8,18386,ETERNAL,NaN,343.30695193211307,344.46770163254706,43.327249907590016,347.75,27.895546767135066,,,,,,
2025-10-17T10:20:00.000000,341.8,342.5,340.5,341.3,20598,ETERNAL,NaN,342.90556154569043,344.179728756861,43.24137972972313,347.75,26.844880119821394,,,,,,
2025-10-17T10:25:00.000000,341.3,342.4,340.45,342.0,9929,ETERNAL,NaN,342.72444923655235,343.98157159714634,43.31330818415622,347.75,25.8823826931189,,,,,,
2025-10-17T10:30:00.000000,342.3,342.3,341.0,341.95,6136,ETERNAL,NaN,342.5695593892419,343.79688327013304,43.3696096902287,347.75,24.988635082609438,,,,,,
2025-10-17T10:35:00.000000,341.95,342.5,341.05,341.1,8549,ETERNAL,NaN,342.2756475113935,343.5517120637573,43.266127650444766,347.75,24.080006978641773,,,,,,
2025-10-17T10:40:00.000000,341.1,341.5,340.6,341.0,9144,ETERNAL,NaN,342.0205180091148,343.3197382397794,43.15374662037001,347.75,23.380492415643634,,,,,,
2025-10-17T10:45:00.000000,341.0,342.0,340.8,341.75,5335,ETERNAL,NaN,341.96641440729184,343.1770347634358,43.25202218161869,347.75,22.512176027672,,,,,,
2025-10-17T10:50:00.000000,341.75,341.75,340.4,340.5,6771,ETERNAL,NaN,341.67313152583347,342.93366796675986,43.0838489723173,347.75,21.848983320420263,,,,,,
2025-10-17T10:55:00.000000,340.55,341.25,340.5,341.2,9605,ETERNAL,NaN,341.5785052206668,342.7760617879635,43.129717392541224,347.75,21.23316152082936,,,,,,
2025-10-17T11:00:00.000000,341.0,341.5,340.55,340.65,520477,ETERNAL,NaN,341.39280417653345,342.5827834436032,43.05010517166095,347.75,20.531159588923085,,,,,,
2025-10-17T11:05:00.000000,340.65,341.35,340.65,340.95,5528,ETERNAL,NaN,341.30424334122677,342.4343485850938,43.07072131622855,347.75,19.879300652152974,,,,,,
2025-10-17T11:10:00.000000,340.95,341.4,340.7,341.2,7112,ETERNAL,NaN,341.2833946729814,342.322135077358,43.16989826541117,347.75,19.244406817054365,,,,,,
2025-10-17T11:15:00.000000,341.2,341.2,340.15,340.5,4710,ETERNAL,NaN,341.1267157383851,342.1564864339618,43.078955178095235,347.75,18.92316131483438,,,,,,
2025-10-17T11:20:00.000000,340.5,340.55,339.95,340.1,21457,ETERNAL,NaN,340.9213725907081,341.96953312178346,42.89301392316885,347.75,18.72386007776006,,,,,,
2025-10-17T11:25:00.000000,340.1,340.7,339.9,340.7,3019,ETERNAL,NaN,340.87709807256647,341.85412101980313,42.94897111159642,347.75,18.431283581357576,,,,,,
2025-10-17T11:30:00.000000,340.7,341.0,340.5,341.0,2798,ETERNAL,NaN,340.9016784580532,341.7764736543665,43.11304731671178,347.75,17.93725136255351,,,,,,
2025-10-17T11:35:00.000000,341.0,341.05,339.0,339.45,20102,ETERNAL,NaN,340.61134276644253,341.5649760494241,42.814946810539055,347.75,18.284828837740196,,,,,,
2025-10-17T11:40:00.000000,339.6,340.25,339.25,339.35,8852,ETERNAL,NaN,340.35907421315403,341.36361459038557,42.51766852993128,347.75,18.607579350413545,,,,,,
2025-10-17T11:45:00.000000,339.35,339.7,339.0,339.55,3948,ETERNAL,NaN,340.1972593705232,341.1987405367141,42.33688721187181,347.75,19.039977483547663,,,,,,
2025-10-17T11:50:00.000000,339.55,339.6,338.15,338.6,16782,ETERNAL,NaN,339.8778074964186,340.96249139701285,41.8916111928284,347.75,19.877285502131453,,,,,,
2025-10-17T11:55:00.000000,338.6,339.5,338.15,339.05,7916,ETERNAL,NaN,339.71224599713486,340.78862854273893,41.7013899903452,347.75,20.654785805102115,,,,,,
2025-10-17T12:00:00.000000,339.05,339.55,338.6,339.55,7718,ETERNAL,NaN,339.67979679770787,340.6760259479445,41.76453886987019,347.75,21.325431873848697,,,,,,
2025-10-17T12:05:00.000000,339.55,339.55,339.05,339.45,8507,ETERNAL,NaN,339.63383743816627,340.5645690435859,41.78627303474309,347.75,21.948174651970522,,,,,,
2025-10-17T12:10:00.000000,339.45,340.0,339.4,339.75,2494,ETERNAL,NaN,339.657069950533,340.4905173123508,41.95822219082852,347.75,22.022616971203867,,,,,,
2025-10-17T12:15:00.000000,339.75,340.0,339.15,339.75,7390,ETERNAL,NaN,339.6756559604264,340.4231975566825,42.11379523681058,347.75,22.26463303750769,,,,,,
2025-10-17T12:20:00.000000,339.75,340.5,339.75,340.05,7876,ETERNAL,NaN,339.7505247683411,340.38927050607504,42.42097730436407,347.75,21.921387315017807,,,,,,
2025-10-17T12:25:00.000000,340.05,340.25,339.95,340.0,14514,ETERNAL,NaN,339.80041981467286,340.35388227825,42.675027122136186,347.75,21.602659144134346,,,,,,
2025-10-17T12:30:00.000000,340.0,340.2,339.8,340.05,7935,ETERNAL,NaN,339.8503358517383,340.3262566165909,42.93583965078068,347.75,21.43395286024678,,,,,,
2025-10-17T12:35:00.000000,340.05,340.2,340.0,340.15,941,ETERNAL,NaN,339.9102686813906,340.3102332878099,43.237262312302455,347.75,21.277297025208327,,,,,,
2025-10-17T12:40:00.000000,340.15,340.15,339.75,339.9,5919,ETERNAL,NaN,339.9082149451125,340.2729393525545,43.36603935996819,347.75,21.362860176136106,,,,,,
2025-10-17T12:45:00.000000,339.9,340.25,339.6,339.8,13903,ETERNAL,NaN,339.88657195609,340.2299448659586,43.42341544092847,347.75,21.581998560874872,,,,,,
2025-10-17T12:50:00.000000,340.0,340.8,339.6,340.8,10233,ETERNAL,NaN,340.069257564872,340.28176805996236,44.17124032463497,347.75,20.98036432019981,,,,,,
2025-10-17T12:55:00.000000,340.8,341.15,340.55,340.65,5032,ETERNAL,NaN,340.1854060518976,340.31524369087487,44.74709141683897,347.75,19.949254784407724,,,,,,
2025-10-17T13:00:00.000000,340.65,341.0,340.6,340.8,6366,ETERNAL,NaN,340.3083248415181,340.3593124462499,45.37115257531991,347.75,18.99179592974365,,,,,,
2025-10-17T13:05:00.000000,340.8,341.2,340.55,341.15,12102,ETERNAL,NaN,340.47665987321443,340.43119313295443,46.17598497280816,347.75,17.818919620692935,,,,,,
2025-10-17T13:10:00.000000,341.15,341.35,340.4,340.4,21007,ETERNAL,NaN,340.46132789857154,340.4283573935949,46.35695018969139,347.75,16.72982019086013,,,,,,
2025-10-17T13:15:00.000000,340.4,341.0,340.4,340.95,6361,ETERNAL,NaN,340.55906231885723,340.4757794487227,46.905184086822466,347.75,15.718513577443954,,,,,,
2025-10-17T13:20:00.000000,340.95,341.1,340.8,340.9,3066,ETERNAL,NaN,340.6272498550858,340.51434495338424,47.36370956133539,347.75,14.612701525121436,,,,,,
2025-10-17T13:25:00.000000,340.9,341.25,340.9,341.0,2106,ETERNAL,NaN,340.70179988406863,340.5584954121675,47.85218774013272,347.75,13.805886102162363,,,,,,
2025-10-17T13:30:00.000000,341.1,341.15,340.6,340.95,4332,ETERNAL,NaN,340.7514399072549,340.59408673833406,48.251411312029234,347.75,13.106447482231728,,,,,,
2025-10-17T13:35:00.000000,340.95,341.2,340.65,341.1,13163,ETERNAL,NaN,340.8211519258039,340.64007885303096,48.73535207038201,347.75,12.363537537439635,,,,,,
2025-10-17T13:40:00.000000,341.1,341.2,340.45,340.45,12531,ETERNAL,NaN,340.74692154064314,340.62279895730086,48.60718790918221,347.75,12.030818956134551,,,,,,
2025-10-17T13:45:00.000000,340.35,341.0,340.05,340.8,4130,ETERNAL,NaN,340.7575372325145,340.6389081430008,48.79535356718605,347.75,12.37882065352187,,,,,,
2025-10-17T13:50:00.000000,340.8,340.9,340.15,340.9,8639,ETERNAL,NaN,340.78602978601157,340.66264376636434,49.051883918214784,347.75,12.701965086810095,,,,,,
2025-10-17T13:55:00.000000,340.9,341.2,340.7,340.85,4475,ETERNAL,NaN,340.79882382880925,340.6796761512403,49.23604682510477,347.75,12.335967453505557,,,,,,
2025-10-17T14:00:00.000000,340.85,341.05,340.65,341.05,2448,ETERNAL,NaN,340.8490590630474,340.713341955673,49.59129695627931,347.75,12.089292704179323,,,,,,
2025-10-17T14:05:00.000000,341.05,341.45,340.45,341.4,8112,ETERNAL,NaN,340.9592472504379,340.77576541424816,50.22969808796948,347.75,11.434526601124688,,,,,,
2025-10-17T14:10:00.000000,341.2,341.45,341.1,341.3,1925,ETERNAL,NaN,341.02739780035034,340.82342310386196,50.69304931722338,347.75,10.826529505431097,,,,,,
2025-10-17T14:15:00.000000,341.3,342.3,341.0,342.25,14543,ETERNAL,NaN,341.2719182402803,340.9531119126018,51.877764006440216,347.75,11.724083536414268,,,,,,
2025-10-17T14:20:00.000000,342.25,342.95,342.1,342.55,11301,ETERNAL,NaN,341.52753459222424,341.0982835569107,53.15111733917371,347.75,13.367142184907504,,,,,,
2025-10-17T14:25:00.000000,342.55,343.5,342.1,343.15,20309,ETERNAL,NaN,341.8520276737794,341.2848032335552,54.667242135056185,347.75,15.446758093895463,,,,,,
2025-10-17T14:30:00.000000,343.15,343.6,342.9,342.9,14906,ETERNAL,NaN,342.0616221390235,341.431639303232,55.72957734151287,347.75,17.47123113258388,,,,,,
2025-10-17T14:35:00.000000,342.9,343.6,342.7,343.5,5672,ETERNAL,NaN,342.3492977112188,341.61967209384727,57.04355088416958,347.75,18.871667108459064,,,,,,
2025-10-17T14:40:00.000000,343.5,343.5,342.55,342.55,3597,ETERNAL,NaN,342.38943816897506,341.70424735804295,57.199503750476836,347.75,19.816327062539425,,,,,,
2025-10-17T14:45:00.000000,342.55,343.45,342.55,343.0,9081,ETERNAL,NaN,342.51155053518005,341.82204305276633,57.63065326851826,347.75,20.693511305614045,,,,,,
2025-10-17T14:50:00.000000,343.0,343.3,342.9,343.2,4258,ETERNAL,NaN,342.649240428144,341.9473118661512,58.14495328223657,347.75,21.508039531326197,,,,,,
2025-10-17T14:55:00.000000,343.2,343.85,343.2,343.6,6288,ETERNAL,NaN,342.8393923425152,342.09755624195566,58.851020091907785,347.75,22.956288809809127,,,,,,
2025-10-17T15:00:00.000000,343.7,343.75,342.5,342.5,3678,ETERNAL,NaN,342.77151387401216,342.13414203814153,58.43840389026366,347.75,22.644780808664713,,,,,,
2025-10-17T15:05:00.000000,342.5,342.55,341.55,341.75,17618,ETERNAL,NaN,342.5672110992097,342.09922003467415,57.49371094610142,347.75,21.333291935893012,,,,,,
2025-10-17T15:10:00.000000,341.75,343.15,341.65,342.95,31553,ETERNAL,NaN,342.64376887936777,342.1765636678856,57.420473330439734,347.75,20.367519459427825,,,,,,
2025-10-17T15:15:00.000000,342.95,343.2,342.75,342.9,6875,ETERNAL,NaN,342.6950151034942,342.24233060716875,57.31584660966973,347.75,19.538571258423833,,,,,,
2025-10-17T15:20:00.000000,342.9,343.0,342.9,342.95,9576,ETERNAL,NaN,342.74601208279535,342.3066641883352,57.25275565359957,347.75,18.768833643205834,,,,,,
2025-10-17T15:25:00.000000,342.95,343.45,342.9,342.95,32440,ETERNAL,NaN,342.78680966623625,342.36514926212294,57.195673360012286,347.75,18.686846563047094,,,,,,
2025-10-20T09:15:00.000000,344.25,345.75,342.9,345.55,55599,ETERNAL,NaN,343.339447732989,342.6546811473845,58.440267462114576,346.5,20.660165895924827,,,,,,
2025-10-20T09:20:00.000000,345.55,346.5,344.0,344.0,59423,ETERNAL,NaN,343.47155818639123,342.77698286125866,58.44366320793367,346.5,22.910452948656392,,,,,,
2025-10-20T09:25:00.000000,344.1,346.1,343.7,346.05,46971,ETERNAL,NaN,343.98724654911297,343.0745298738715,59.209463664185975,346.5,24.512635543941258,,,,,,
2025-10-20T09:30:00.000000,346.1,346.35,343.8,343.95,26021,ETERNAL,NaN,343.97979723929035,343.1541180671559,58.79146263050639,346.5,26.151411244703613,,,,,,
2025-10-20T09:35:00.000000,343.95,344.0,342.5,342.75,16974,ETERNAL,NaN,343.7338377914323,343.1173800610508,57.90452008773921,346.5,25.7976905598527,,,,,,
2025-10-20T09:40:00.000000,342.75,342.85,340.8,341.15,26700,ETERNAL,NaN,343.2170702331458,342.938527328228,56.52364671273539,346.5,24.176396126961524,,,,,,
2025-10-20T09:45:00.000000,341.15,341.15,340.2,340.55,36092,ETERNAL,NaN,342.68365618651666,342.7213884802073,55.079048949479386,346.5,23.160999356206396,,,,,,
2025-10-20T09:50:00.000000,340.55,340.65,339.15,339.45,28724,ETERNAL,NaN,342.0369249492133,342.4239895274612,53.43609565247432,346.5,22.97532066879714,,,,,,
2025-10-20T09:55:00.000000,339.45,340.05,339.05,339.2,35947,ETERNAL,NaN,341.46953995937065,342.1308995704193,51.875942879690925,346.5,22.870604471262702,,,,,,
2025-10-20T10:00:00.000000,339.2,340.15,338.75,339.8,17604,ETERNAL,NaN,341.1356319674965,341.91899960947205,50.765314045115915,346.5,22.98145929708603,,,,,,
2025-10-20T10:05:00.000000,339.8,340.55,339.6,339.95,27346,ETERNAL,NaN,340.8985055739972,341.7399996449746,49.836387677048066,346.5,22.634711113555685,,,,,,
2025-10-20T10:10:00.000000,339.95,340.35,339.8,340.15,5875,ETERNAL,NaN,340.7488044591978,341.5954542227042,49.10148080670945,346.5,22.312730657420367,,,,,,
2025-10-20T10:15:00.000000,340.15,340.45,339.5,339.9,10919,ETERNAL,NaN,340.5790435673582,341.44132202064014,48.33761249130863,346.5,22.260281832544006,,,,,,
2025-10-20T10:20:00.000000,339.9,340.1,339.1,339.9,15059,ETERNAL,NaN,340.44323485388657,341.3012018369456,47.64649353927932,346.5,22.53129902586709,,,,,,
2025-10-20T10:25:00.000000,339.9,339.95,339.5,339.5,9038,ETERNAL,NaN,340.25458788310925,341.1374562154051,46.849945194101394,346.5,22.78295784823852,,,,,,
2025-10-20T10:30:00.000000,339.5,339.8,339.1,339.65,9960,ETERNAL,NaN,340.1336703064874,341.00223292309556,46.229699364876566,346.5,23.344568575503068,,,,,,
2025-10-20T10:35:00.000000,339.65,340.85,339.45,340.75,55432,ETERNAL,NaN,340.2569362451899,340.9793026573596,46.35394853345052,346.5,22.47275521841694,,,,,,
2025-10-20T10:40:00.000000,340.75,340.9,340.05,340.45,18319,ETERNAL,NaN,340.2955489961519,340.9311842339633,46.31146245497196,346.5,21.602892634546105,,,,,,
2025-10-20T10:45:00.000000,340.45,341.2,340.35,340.6,18249,ETERNAL,NaN,340.35643919692154,340.90107657633024,46.36622138598509,346.5,20.426457363109524,,,,,,
2025-10-20T10:50:00.000000,340.6,341.35,340.6,341.3,18431,ETERNAL,NaN,340.54515135753724,340.9373423421184,46.837345122677576,346.5,19.149462635459958,,,,,,
2025-10-20T10:55:00.000000,341.3,341.4,341.05,341.2,11957,ETERNAL,NaN,340.6761210860298,340.96122031101675,47.20173342134623,346.5,17.899612702320347,,,,,,
2025-10-20T11:00:00.000000,341.2,341.35,340.55,340.8,17580,ETERNAL,NaN,340.70089686882386,340.94656391910615,47.28189717251317,346.5,17.343788406821954,,,,,,
2025-10-20T11:05:00.000000,340.8,341.1,340.5,340.85,9681,ETERNAL,NaN,340.7307174950591,340.9377853810056,47.38863482254026,346.5,16.88663952144058,,,,,,
2025-10-20T11:10:00.000000,340.85,341.1,340.65,340.65,4540,ETERNAL,NaN,340.71457399604725,340.91162307364146,47.3518967540239,346.5,16.46214412787216,,,,,,
2025-10-20T11:15:00.000000,340.65,340.85,340.35,340.55,6047,ETERNAL,NaN,340.6816591968378,340.87874824876496,47.25001980893053,346.5,16.450144789247553,,,,,,
2025-10-20T11:20:00.000000,340.55,340.65,340.0,340.05,6204,ETERNAL,NaN,340.5553273574703,340.8034074988772,46.821679196218895,346.5,16.858646290849638,,,,,,
2025-10-20T11:25:00.000000,340.05,340.3,339.8,340.05,15978,ETERNAL,NaN,340.4542618859762,340.7349159080702,46.434132927575035,346.5,17.46814466133512,,,,,,
2025-10-20T11:30:00.000000,340.05,340.1,339.5,339.75,3826,ETERNAL,NaN,340.313409508781,340.64537809824566,45.878301918927576,346.5,18.368190532103064,,,,,,
2025-10-20T11:35:00.000000,339.75,339.9,338.65,339.15,14910,ETERNAL,NaN,340.08072760702476,340.50943463476875,44.99681753520639,346.5,20.00600441981647,,,,,,
2025-10-20T11:40:00.000000,339.2,339.2,338.5,338.95,14857,ETERNAL,NaN,339.8545820856198,340.36766784978977,44.0808501407527,346.5,21.650994736305194,,,,,,
2025-10-20T11:45:00.000000,338.95,339.2,338.65,338.65,7092,ETERNAL,NaN,339.61366566849586,340.21151622708163,43.076908290129836,346.5,23.17848574447329,,,,,,
2025-10-20T11:50:00.000000,338.65,339.0,338.05,338.35,9542,ETERNAL,NaN,339.3609325347967,340.0422874791651,41.999190227004874,346.5,25.088304594551452,,,,,,
2025-10-20T11:55:00.000000,338.35,338.35,337.9,337.95,18160,ETERNAL,NaN,339.0787460278373,339.85207952651376,40.81008140542946,346.5,26.974373261487923,,,,,,
2025-10-20T12:00:00.000000,337.95,338.1,336.55,337.2,10735,ETERNAL,NaN,338.7029968222699,339.6109813877398,39.382829118766445,346.5,29.53599126584617,,,,,,
2025-10-20T12:05:00.000000,337.2,337.3,336.3,337.15,14115,ETERNAL,NaN,338.3923974578159,339.3872558070362,38.06962772349489,346.5,32.032922070289324,,,,,,
2025-10-20T12:10:00.000000,337.0,337.15,336.5,336.75,7558,ETERNAL,NaN,338.0639179662527,339.1475052791238,36.70798102642016,346.5,34.35150067441511,,,,,,
2025-10-20T12:15:00.000000,336.75,337.55,336.7,337.5,11129,ETERNAL,NaN,337.95113437300216,338.9977320719307,36.38836401991787,346.5,35.60713090129106,,,,,,
2025-10-20T12:20:00.000000,337.5,338.4,337.3,338.35,4070,ETERNAL,NaN,338.03090749840175,338.9388473381188,36.94330626145979,346.5,35.15856285644134,,,,,,
2025-10-20T12:25:00.000000,338.35,338.95,337.15,338.95,12125,ETERNAL,NaN,338.2147259987214,338.9398612164716,37.950666081418184,346.5,33.87432376049432,,,,,,
2025-10-20T12:30:00.000000,338.95,338.95,337.85,338.4,5989,ETERNAL,NaN,338.2517807989771,338.8907829240651,38.48598265921304,346.5,32.681816028543516,,,,,,
2025-10-20T12:35:00.000000,338.4,338.6,338.2,338.35,2788,ETERNAL,NaN,338.2714246391817,338.8416208400592,38.93682773983219,346.5,31.57448742030348,,,,,,
2025-10-20T12:40:00.000000,338.3,339.05,338.2,338.65,6858,ETERNAL,NaN,338.34713971134533,338.82420076369016,39.612748010692975,346.5,29.81320265481662,,,,,,
2025-10-20T12:45:00.000000,338.65,338.85,337.95,337.95,4921,ETERNAL,NaN,338.26771176907624,338.74472796699104,39.738755887687184,346.5,28.508769718620965,,,,,,
2025-10-20T12:50:00.000000,337.95,338.3,337.9,338.1,3040,ETERNAL,NaN,338.234169415261,338.6861163336282,39.99294353046288,346.5,27.36454371961344,,,,,,
2025-10-20T12:55:00.000000,338.1,338.9,337.95,338.85,1757,ETERNAL,NaN,338.3573355322088,338.7010148487529,40.87185326524961,346.5,25.486700105934222,,,,,,
2025-10-20T13:00:00.000000,338.85,339.3,338.75,339.1,6632,ETERNAL,NaN,338.50586842576706,338.737286226139,41.86407875977048,346.5,24.305977516366198,,,,,,
2025-10-20T13:05:00.000000,339.1,339.15,338.8,338.8,3851,ETERNAL,NaN,338.5646947406137,338.7429874783082,42.517491332552176,346.5,23.209592254624457,,,,,,
2025-10-20T13:10:00.000000,338.8,339.1,338.8,339.1,2714,ETERNAL,NaN,338.67175579249096,338.7754431620983,43.35826173062019,346.5,22.191520225864274,,,,,,
2025-10-20T13:15:00.000000,339.1,339.2,338.9,339.0,2946,ETERNAL,NaN,338.73740463399275,338.79585742008936,44.03085646636297,346.5,21.40402445972401,,,,,,
2025-10-20T13:20:00.000000,339.0,339.0,338.35,338.55,9536,ETERNAL,NaN,338.6999237071942,338.77350674553577,44.253796696877934,346.5,20.075700861772333,,,,,,
2025-10-20T13:25:00.000000,338.55,338.85,338.2,338.55,6797,ETERNAL,NaN,338.66993896575536,338.7531879504871,44.45550452448671,346.5,19.089442181403047,,,,,,
2025-10-20T13:30:00.000000,338.55,338.95,338.4,338.65,3472,ETERNAL,NaN,338.6659511726043,338.74380722771554,44.74155966742204,346.5,17.98442987144579,,,,,,
2025-10-20T13:35:00.000000,338.65,338.95,338.45,338.95,4134,ETERNAL,NaN,338.72276093808347,338.76255202519593,45.30800640299234,346.5,16.95834701219977,,,,,,
2025-10-20T13:40:00.000000,338.95,339.1,338.25,338.45,9778,ETERNAL,NaN,338.66820875046676,338.7341382047236,45.3407408197092,346.5,16.38182556904829,,,,,,
2025-10-20T13:45:00.000000,338.45,339.3,338.4,338.75,19536,ETERNAL,NaN,338.6845670003734,338.7355801861124,45.682681411929124,346.5,15.414138271350572,,,,,,
2025-10-20T13:50:00.000000,338.75,339.1,338.5,338.75,4424,ETERNAL,NaN,338.69765360029874,338.736891078284,45.99205623346143,346.5,14.515571494916978,,,,,,
2025-10-20T13:55:00.000000,338.75,339.0,338.65,338.95,13419,ETERNAL,NaN,338.748122880239,338.7562646166218,46.488762456676525,346.5,13.681188059657213,,,,,,
2025-10-20T14:00:00.000000,338.95,338.95,338.55,338.7,5460,ETERNAL,NaN,338.7384983041912,338.7511496514744,46.66209607980598,346.5,13.139251295648782,,,,,,
2025-10-20T14:05:00.000000,338.7,338.75,338.1,338.2,2209,ETERNAL,NaN,338.63079864335293,338.701045137704,46.31893425956504,346.5,13.574069593202795,,,,,,
2025-10-20T14:10:00.000000,338.2,338.8,338.1,338.6,3573,ETERNAL,NaN,338.62463891468235,338.69185921609454,46.47271834742179,346.5,13.837664575894498,,,,,,
2025-10-20T14:15:00.000000,338.6,339.0,338.45,338.5,18359,ETERNAL,NaN,338.5997111317459,338.67441746917683,46.50900548594018,346.5,13.52789747743999,,,,,,
2025-10-20T14:20:00.000000,338.5,338.5,337.7,337.7,9734,ETERNAL,NaN,338.4197689053967,338.585834062888,45.81649196543936,346.5,14.603960222397925,,,,,,
2025-10-20T14:25:00.000000,337.7,337.8,337.4,337.6,7808,ETERNAL,NaN,338.2558151243174,338.4962127844436,45.10991242500737,346.5,16.028061944275745,,,,,,
2025-10-20T14:30:00.000000,337.65,338.05,337.55,338.05,9839,ETERNAL,NaN,338.21465209945393,338.45564798585787,45.022209381292456,346.5,16.681955805736806,,,,,,
2025-10-20T14:35:00.000000,338.05,338.05,337.55,337.6,4610,ETERNAL,NaN,338.09172167956314,338.3778618053253,44.55593462041346,346.5,17.28914296280779,,,,,,
2025-10-20T14:40:00.000000,337.6,338.45,337.55,338.3,5206,ETERNAL,NaN,338.1333773436505,338.37078345938664,44.895103018792376,346.5,16.830736464502856,,,,,,
2025-10-20T14:45:00.000000,338.3,338.4,337.6,338.05,3428,ETERNAL,NaN,338.1167018749204,338.34162132671514,44.978222991253645,346.5,16.405073287505413,,,,,,
2025-10-20T14:50:00.000000,337.85,338.4,337.85,338.25,4718,ETERNAL,NaN,338.1433614999363,338.3332921151956,45.26192042221181,346.5,16.009814623150646,,,,,,
2025-10-20T14:55:00.000000,338.25,338.25,337.9,337.9,9222,ETERNAL,NaN,338.094689199949,338.2939019229051,45.195698873530205,346.5,15.642788720535506,,,,,,
2025-10-20T15:00:00.000000,337.9,338.2,337.55,337.85,7952,ETERNAL,NaN,338.04575135995924,338.253547202641,45.0901159469489,346.5,16.05697145808618,,,,,,
2025-10-20T15:05:00.000000,337.85,338.1,337.85,337.85,4962,ETERNAL,NaN,338.0066010879674,338.21686109331,44.99458853718486,346.5,16.441569714383238,,,,,,
2025-10-20T15:10:00.000000,337.85,338.5,337.85,338.15,18699,ETERNAL,NaN,338.0352808703739,338.2107828121,45.27907943317083,346.5,15.620411660716282,,,,,,
2025-10-20T15:15:00.000000,338.15,338.35,337.75,338.25,11058,ETERNAL,NaN,338.0782246962991,338.21434801099997,45.65733022123539,346.5,15.097450354191508,,,,,,
2025-10-20T15:20:00.000000,338.4,338.7,338.05,338.2,29690,ETERNAL,NaN,338.1025797570393,338.2130436463636,45.93874281155151,346.5,14.334232385988987,,,,,,
2025-10-20T15:25:00.000000,338.2,338.5,338.1,338.4,12138,ETERNAL,NaN,338.1620638056314,338.23003967851236,46.452232631496486,346.5,13.62552998694379,,,,,,
2025-10-21T13:45:00.000000,338.35,340.9,338.35,340.15,107110,ETERNAL,NaN,338.55965104450513,338.4045815259203,48.45867975017788,340.9,16.263743266093773,,,,,,
2025-10-21T13:50:00.000000,339.95,340.25,339.05,339.95,43281,ETERNAL,NaN,338.8377208356041,338.54507411447304,50.02112431986965,340.9,18.713512739590186,,,,,,
2025-10-21T13:55:00.000000,339.8,339.95,338.2,339.0,33718,ETERNAL,NaN,338.8701766684833,338.5864310131573,50.400073270445134,340.9,19.20860255651298,,,,,,
2025-10-21T14:00:00.000000,339.0,339.3,337.85,338.2,59828,ETERNAL,NaN,338.7361413347866,338.55130092105213,50.06476399596648,340.9,19.054767191470813,,,,,,
2025-10-21T14:05:00.000000,338.3,338.5,337.9,338.45,24255,ETERNAL,NaN,338.6789130678293,338.542091746411,49.97636165080854,340.9,18.911920066788806,,,,,,
2025-10-21T14:10:00.000000,338.45,339.3,338.2,338.6,19125,ETERNAL,NaN,338.6631304542634,338.54735613310095,50.02582741540772,340.9,19.688269948117778,,,,,,
2025-10-21T14:15:00.000000,338.6,339.0,338.4,338.65,13121,ETERNAL,NaN,338.6605043634107,338.5566873937281,50.11537946187555,340.9,20.409166266494683,,,,,,
2025-10-21T14:20:00.000000,338.65,338.85,338.1,338.35,10050,ETERNAL,NaN,338.5984034907286,338.5378976306619,49.91563329476707,340.9,20.498703279349836,,,,,,
2025-10-21T14:25:00.000000,338.35,338.55,338.0,338.2,11175,ETERNAL,NaN,338.5187227925829,338.5071796642381,49.59677455219827,340.9,20.39099381942247,,,,,,
2025-10-21T14:30:00.000000,338.2,338.5,337.7,338.15,24177,ETERNAL,NaN,338.4449782340663,338.474708785671,49.260709695861244,340.9,19.727877574308142,,,,,,
2025-10-21T14:35:00.000000,337.95,338.2,337.25,337.75,20610,ETERNAL,NaN,338.305982587253,338.4088261687918,48.58548425702626,340.9,18.34488064059978,,,,,,
2025-10-21T14:40:00.000000,337.75,338.0,337.6,337.9,20931,ETERNAL,NaN,338.2247860698024,338.36256924435617,48.15651181229699,340.9,17.0606692021563,,,,,,
2025-10-23T09:15:00.000000,342.1,342.15,335.9,336.15,103555,ETERNAL,NaN,337.80982885584194,338.1614265857783,46.53697884582382,342.15,19.486045698113085,,,,,,
2025-10-23T09:20:00.000000,336.15,336.75,334.8,336.15,63881,ETERNAL,NaN,337.4778630846736,337.97856962343485,45.07168711425285,342.15,20.371245384423144,,,,,,
2025-10-23T09:25:00.000000,336.15,337.55,335.95,337.3,40020,ETERNAL,NaN,337.44229046773887,337.9168814758499,44.94393878668147,342.15,21.63254805827761,,,,,,
2025-10-23T09:30:00.000000,337.4,337.7,337.3,337.6,35571,ETERNAL,NaN,337.4738323741911,337.88807406895444,45.08999626713211,342.15,22.883014179658648,,,,,,
2025-10-23T09:35:00.000000,337.6,337.75,336.85,336.85,24377,ETERNAL,NaN,337.34906589935287,337.7937036990495,44.70790667967031,342.15,23.50068353419109,,,,,,
2025-10-23T09:40:00.000000,336.85,336.85,335.25,335.5,48317,ETERNAL,NaN,336.9792527194823,337.5851851809541,43.64312121587483,342.15,22.447617529994666,,,,,,
2025-10-23T09:45:00.000000,335.5,336.6,335.4,336.6,43698,ETERNAL,NaN,336.9034021755858,337.49562289177646,43.558999215242025,342.15,21.469770526097992,,,,,,
2025-10-23T09:50:00.000000,336.55,336.65,336.05,336.2,12477,ETERNAL,NaN,336.76272174046863,337.37783899252406,43.27282029605607,342.15,20.602410108521376,,,,,,
2025-10-23T09:55:00.000000,336.05,336.15,334.55,334.75,80750,ETERNAL,NaN,336.3601773923749,337.1389445386582,42.36649486564736,342.15,19.774048535864164,,,,,,
2025-10-23T10:00:00.000000,334.9,335.15,334.65,335.0,36200,ETERNAL,NaN,336.0881419138999,336.94449503514386,41.73691327669028,342.15,19.004855646968185,,,,,,
2025-10-23T10:05:00.000000,335.0,335.7,334.95,335.55,32681,ETERNAL,NaN,335.9805135311199,336.8177227592217,41.57563793012207,342.15,17.772363510887477,,,,,,
2025-10-23T10:10:00.000000,335.55,335.95,335.0,335.95,34160,ETERNAL,NaN,335.9744108248959,336.7388388720197,41.71337377687575,342.15,16.607239001671353,,,,,,
2025-10-23T10:15:00.000000,335.95,336.05,335.3,335.65,25521,ETERNAL,NaN,335.90952865991676,336.6398535200179,41.67993992227713,342.15,15.619724890375029,,,,,,
2025-10-23T10:20:00.000000,335.45,335.45,335.0,335.05,16350,ETERNAL,NaN,335.7376229279334,336.49532138183446,41.34750838560359,342.15,14.610177596407807,,,,,,
2025-10-23T10:25:00.000000,335.05,335.6,335.0,335.0,18980,ETERNAL,NaN,335.5900983423467,336.35938307439494,41.021869597393604,342.15,13.618989103568993,,,,,,
2025-10-23T10:30:00.000000,335.0,335.2,335.0,335.15,23679,ETERNAL,NaN,335.50207867387735,336.24943915854084,40.85500497392534,342.15,12.69859978879009,,,,,,
2025-10-23T10:35:00.000000,335.15,335.5,335.1,335.4,19159,ETERNAL,NaN,335.48166293910185,336.1722174168553,40.920012777811145,342.15,12.186287474743617,,,,,,
2025-10-23T10:40:00.000000,335.4,335.4,335.0,335.1,26073,ETERNAL,NaN,335.40533035128146,336.07474310623206,40.79671295044516,342.15,11.582155621189129,,,,,,
2025-10-23T10:45:00.000000,335.1,335.2,334.85,335.0,33378,ETERNAL,NaN,335.3242642810252,335.9770391874837,40.62380432784862,342.15,10.82273436525084,,,,,,
2025-10-23T10:50:00.000000,334.9,335.05,334.65,334.9,17228,ETERNAL,NaN,335.23941142482016,335.8791265340761,40.40348468114178,342.15,10.24884673133488,,,,,,
2025-10-23T10:55:00.000000,334.9,335.1,334.8,334.85,13877,ETERNAL,NaN,335.16152913985616,335.7855695764328,40.17065388892833,342.15,9.643469233884238,,,,,,
2025-10-23T11:00:00.000000,334.85,335.05,333.35,333.5,51987,ETERNAL,NaN,334.8292233118849,335.5777905240298,39.19834051725865,342.15,10.73475559852911,,,,,,
2025-10-23T11:05:00.000000,333.5,333.5,332.35,332.55,32083,ETERNAL,NaN,334.3733786495079,335.3025368400271,37.92575674861742,342.15,12.546897886764949,,,,,,
2025-10-23T11:10:00.000000,332.55,332.8,331.05,331.75,48452,ETERNAL,NaN,333.84870291960635,334.97957894547915,36.501241142717255,342.15,15.01712228302043,,,,,,
2025-10-23T11:15:00.000000,331.75,331.95,331.0,331.75,53836,ETERNAL,NaN,333.42896233568507,334.6859808595265,35.21239368975996,342.15,17.337701219774047,,,,,,
2025-10-23T11:20:00.000000,331.75,331.95,331.3,331.8,13447,ETERNAL,NaN,333.10316986854804,334.4236189632059,34.104850681212746,342.15,19.492524518188116,,,,,,
2025-10-23T11:25:00.000000,331.8,332.0,331.5,331.6,10466,ETERNAL,NaN,332.80253589483846,334.1669263301872,33.02813002624091,342.15,21.40742582507384,,,,,,
2025-10-23T11:30:00.000000,331.6,331.65,331.2,331.3,8290,ETERNAL,NaN,332.5020287158708,333.90629666380653,31.94330319183107,342.15,23.377724457016605,,,,,,
2025-10-23T11:35:00.000000,331.3,331.4,331.2,331.4,3934,ETERNAL,NaN,332.2816229726966,333.67845151255136,31.09586373861652,342.15,25.207287472392032,,,,,,
2025-10-23T11:40:00.000000,331.4,331.9,331.25,331.85,26356,ETERNAL,NaN,332.1952983781573,333.51222864777395,30.91608784628269,342.15,25.966512314181813,,,,,,
2025-10-23T11:45:00.000000,331.85,332.65,331.85,332.4,29352,ETERNAL,NaN,332.23623870252584,333.41111695252175,31.396361400835595,342.15,25.46036973977096,,,,,,
2025-10-23T11:50:00.000000,332.4,332.6,332.1,332.2,13892,ETERNAL,NaN,332.22899096202065,333.3010154113834,31.707608049175814,342.15,24.990380206389457,,,,,,
2025-10-23T11:55:00.000000,332.2,332.2,331.8,332.05,6523,ETERNAL,NaN,332.19319276961653,333.18728673762126,31.89593158711156,342.15,24.871125351617106,,,,,,
2025-10-23T12:00:00.000000,332.05,332.25,331.65,331.7,16631,ETERNAL,NaN,332.0945542156932,333.052078852383,31.853644992884245,342.15,24.917199311690517,,,,,,
2025-10-23T12:05:00.000000,331.7,332.15,331.6,332.05,3352,ETERNAL,NaN,332.08564337255456,332.96098077489364,32.25040673023492,342.15,25.014105382269967,,,,,,
2025-10-23T12:10:00.000000,332.05,333.6,332.0,333.05,13540,ETERNAL,NaN,332.27851469804364,332.9690734317215,33.6461454242215,342.15,23.525365403604575,,,,,,
2025-10-23T12:15:00.000000,333.05,333.05,332.25,332.25,5340,ETERNAL,NaN,332.2728117584349,332.9037031197468,34.33783857560259,342.15,22.142963994843857,,,,,,
2025-10-23T12:20:00.000000,332.25,332.95,332.05,332.55,7249,ETERNAL,NaN,332.32824940674794,332.8715482906789,35.2399526409329,342.15,20.582974821377032,,,,,,
2025-10-23T12:25:00.000000,332.55,332.8,332.2,332.55,7073,ETERNAL,NaN,332.37259952539836,332.8423166278899,36.05615108099366,342.15,19.134413446014978,,,,,,
2025-10-23T12:30:00.000000,332.55,332.55,332.1,332.3,12329,ETERNAL,NaN,332.3580796203187,332.7930151162635,36.60560751097083,342.15,17.897054259582113,,,,,,
2025-10-23T12:35:00.000000,332.35,332.45,332.15,332.35,2856,ETERNAL,NaN,332.35646369625493,332.75274101478504,37.156269952825774,342.15,16.748077872180165,,,,,,
2025-10-23T12:40:00.000000,332.35,332.4,331.7,331.8,9253,ETERNAL,NaN,332.24517095700395,332.66612819525915,37.23986317467845,342.15,16.376319053169077,,,,,,
2025-10-23T12:45:00.000000,331.8,331.85,331.35,331.7,12148,ETERNAL,NaN,332.13613676560317,332.5782983593265,37.24408434130068,342.15,16.515453643871812,,,,,,
2025-10-23T12:50:00.000000,331.7,332.0,331.65,331.9,5878,ETERNAL,NaN,332.0889094124825,332.516634872115,37.491193115379126,342.15,16.355847219653675,,,,,,
2025-10-23T12:55:00.000000,331.9,332.0,331.05,331.05,14366,ETERNAL,NaN,331.88112752998603,332.38330442919545,37.11857803271637,342.15,16.99325957205866,,,,,,
2025-10-23T13:00:00.000000,331.05,331.55,330.4,330.6,20290,ETERNAL,NaN,331.62490202398885,332.22118584472315,36.518508338963905,342.15,18.280066450444334,,,,,,
2025-10-23T13:05:00.000000,330.65,330.65,330.25,330.35,6413,ETERNAL,NaN,331.3699216191911,332.0510780406574,35.83797667188066,342.15,19.620466409803992,,,,,,
2025-10-23T13:10:00.000000,330.35,330.35,329.4,330.0,52577,ETERNAL,NaN,331.0959372953529,331.86461640059764,35.037565255482534,342.15,21.587151815585987,,,,,,
2025-10-23T13:15:00.000000,329.9,330.65,329.9,330.6,23780,ETERNAL,NaN,330.99674983628233,331.74965127327056,35.06423736190626,342.15,22.808770785241983,,,,,,
2025-10-23T13:20:00.000000,330.65,330.7,329.55,329.7,26485,ETERNAL,NaN,330.73739986902586,331.5633193393369,34.58618429858289,342.15,24.23828518210927,,,,,,
2025-10-23T13:25:00.000000,329.7,329.95,329.35,329.55,33571,ETERNAL,NaN,330.49991989522067,331.3802903084881,34.07898282571128,342.15,25.728337165672936,,,,,,
2025-10-23T13:30:00.000000,329.55,329.8,329.2,329.3,36420,ETERNAL,NaN,330.2599359161765,331.19117300771643,33.495389383736224,342.15,27.234162270238073,,,,,,
2025-10-23T13:35:00.000000,329.35,329.35,328.8,328.9,24277,ETERNAL,NaN,329.9879487329412,330.9828845524695,32.77682062972625,342.15,28.944511298919704,,,,,,
2025-10-23T13:40:00.000000,328.9,329.8,328.75,329.5,19134,ETERNAL,NaN,329.89035898635296,330.84807686588135,32.85765326494978,342.15,29.555308481521624,,,,,,
2025-10-23T13:45:00.000000,329.5,329.9,329.1,329.65,36755,ETERNAL,NaN,329.84228718908236,330.73916078716485,33.10239933670667,342.15,29.914254570034547,,,,,,
2025-10-23T13:50:00.000000,329.65,330.35,329.5,330.35,17924,ETERNAL,NaN,329.94382975126587,330.70378253378624,34.06214950392596,342.15,29.351901674693462,,,,,,
2025-10-23T13:55:00.000000,330.35,330.55,329.05,329.3,43258,ETERNAL,NaN,329.8150638010127,330.57616593980566,34.26250746615715,342.15,29.337505736730115,,,,,,
2025-10-23T14:00:00.000000,329.3,329.5,329.0,329.3,8876,ETERNAL,NaN,329.71205104081014,330.4601508543688,34.44378371769967,342.15,29.378762310678695,,,,,,
2025-10-23T14:05:00.000000,329.3,329.4,328.8,328.8,8902,ETERNAL,NaN,329.5296408326481,330.30922804942617,34.32424694909103,342.15,29.639494649995214,,,,,,
2025-10-23T14:10:00.000000,328.8,329.0,328.25,328.4,17887,ETERNAL,NaN,329.3037126661185,330.1356618631147,34.00676351128936,342.15,30.437856027209076,,,,,,
2025-10-23T14:15:00.000000,328.4,328.5,328.0,328.0,8913,ETERNAL,NaN,329.04297013289477,329.9415107846497,33.52302668903007,342.15,31.406861203816483,,,,,,
2025-10-23T14:20:00.000000,328.0,328.2,327.9,328.0,15046,ETERNAL,NaN,328.8343761063158,329.765009804227,33.08536004031929,342.15,32.397339084681946,,,,,,
2025-10-23T14:25:00.000000,328.0,328.75,327.75,327.95,20094,ETERNAL,NaN,328.6575008850526,329.6000089129337,32.663041215268265,342.15,32.088508057517615,,,,,,
2025-10-23T14:30:00.000000,327.95,328.0,327.7,327.95,17051,ETERNAL,NaN,328.5160007080421,329.45000810266697,32.28094323069829,342.15,31.860605112890703,,,,,,
2025-10-23T14:35:00.000000,327.95,327.95,327.6,327.7,12581,ETERNAL,NaN,328.3528005664337,329.29091645696997,31.791928612148347,342.15,31.771303382659166,,,,,,
2025-10-23T14:40:00.000000,327.7,327.85,327.15,327.85,42058,ETERNAL,NaN,328.25224045314695,329.1599240517909,31.577217422428323,342.15,32.20642897398944,,,,,,
2025-10-23T14:45:00.000000,327.85,328.0,327.35,327.55,46493,ETERNAL,NaN,328.1117923625176,329.0135673198099,31.197220328685678,342.15,32.254358790377076,,,,,,
2025-10-23T14:50:00.000000,327.55,328.2,327.1,328.2,28669,ETERNAL,NaN,328.12943389001407,328.93960665437265,31.774040278299562,342.15,32.591100063539564,,,,,,
2025-10-23T14:55:00.000000,328.1,328.45,327.5,328.2,76759,ETERNAL,NaN,328.1435471120113,328.87236968579333,32.29592499461689,342.15,32.30114706004429,,,,,,
2025-10-23T15:00:00.000000,328.2,328.65,327.8,328.1,74879,ETERNAL,NaN,328.134837689609,328.80215425981214,32.6855648667372,342.15,31.569240899505438,,,,,,
2025-10-23T15:05:00.000000,328.05,328.35,327.7,328.0,136980,ETERNAL,NaN,328.1078701516872,328.7292311452838,32.95339536838251,342.15,31.036700499287114,,,,,,
2025-10-23T15:10:00.000000,328.0,328.45,327.85,328.2,112864,ETERNAL,NaN,328.12629612134975,328.6811192229853,33.50293691003555,342.15,30.296952058021343,,,,,,
2025-10-23T15:15:00.000000,328.4,329.15,328.3,328.55,153364,ETERNAL,NaN,328.2110368970798,328.66919929362297,34.50279877010858,342.15,28.143168533252815,,,,,,
2025-10-23T15:20:00.000000,328.35,328.6,328.05,328.1,39720,ETERNAL,NaN,328.18882951766386,328.6174539032936,34.960912382054836,342.15,26.567851097377723,,,,,,
2025-10-23T15:25:00.000000,328.1,328.4,327.0,327.8,37668,ETERNAL,NaN,328.11106361413107,328.5431399120851,35.10932827131147,342.15,26.578573826377937,,,,,,
